prod_code,employee_id,year_id,week,quantity_prodsold
PROD001,EMP234,0,0,34
PROD001,EMP234,0,1,27
PROD001,EMP234,0,2,28
PROD001,EMP234,0,3,36
PROD001,EMP234,0,4,50
PROD001,EMP234,0,5,28
PROD001,EMP234,0,6,31
PROD001,EMP234,0,7,33
PROD001,EMP234,0,8,34
PROD001,EMP234,0,9,27
PROD001,EMP234,0,10,29
PROD001,EMP234,0,11,33
PROD001,EMP234,0,12,30
PROD001,EMP234,0,13,45
PROD001,EMP234,0,14,35
PROD001,EMP234,0,15,42
PROD001,EMP234,0,16,45
PROD001,EMP234,0,17,37
PROD001,EMP234,0,18,39
PROD001,EMP234,0,19,32
PROD001,EMP234,0,20,40
PROD001,EMP234,0,21,38
PROD001,EMP234,0,22,41
PROD001,EMP234,0,23,40
PROD001,EMP234,0,24,31
PROD001,EMP234,0,25,24
PROD001,EMP234,0,26,31
PROD001,EMP234,0,27,26
PROD001,EMP234,0,28,27
PROD001,EMP234,0,29,23
PROD001,EMP234,0,30,33
PROD001,EMP234,0,31,31
PROD001,EMP234,0,32,33
PROD001,EMP234,0,33,33
PROD001,EMP234,0,34,26
PROD001,EMP234,0,35,19
PROD001,EMP234,0,36,37
PROD001,EMP234,0,37,38
PROD001,EMP234,0,38,38
PROD001,EMP234,0,39,37
PROD001,EMP234,0,40,19
PROD001,EMP234,0,41,33
PROD001,EMP234,0,42,33
PROD001,EMP234,0,43,45
PROD001,EMP234,0,44,29
PROD001,EMP234,0,45,28
PROD001,EMP234,0,46,27
PROD001,EMP234,0,47,32
PROD001,EMP234,0,48,33
PROD001,EMP234,0,49,27
PROD001,EMP234,0,50,29
PROD001,EMP234,0,51,16
PROD001,EMP234,1,0,31
PROD001,EMP234,1,1,35
PROD001,EMP234,1,2,29
PROD001,EMP234,1,3,42
PROD001,EMP234,1,4,31
PROD001,EMP234,1,5,35
PROD001,EMP234,1,6,28
PROD001,EMP234,1,7,41
PROD001,EMP234,1,8,49
PROD001,EMP234,1,9,41
PROD001,EMP234,1,10,36
PROD001,EMP234,1,11,27
PROD001,EMP234,1,12,39
PROD001,EMP234,1,13,43
PROD001,EMP234,1,14,33
PROD001,EMP234,1,15,47
PROD001,EMP234,1,16,43
PROD001,EMP234,1,17,34
PROD001,EMP234,1,18,43
PROD001,EMP234,1,19,40
PROD001,EMP234,1,20,36
PROD001,EMP234,1,21,35
PROD001,EMP234,1,22,36
PROD001,EMP234,1,23,41
PROD001,EMP234,1,24,35
PROD001,EMP234,1,25,30
PROD001,EMP234,1,26,27
PROD001,EMP234,1,27,30
PROD001,EMP234,1,28,28
PROD001,EMP234,1,29,25
PROD001,EMP234,1,30,47
PROD001,EMP234,1,31,21
PROD001,EMP234,1,32,32
PROD001,EMP234,1,33,41
PROD001,EMP234,1,34,22
PROD001,EMP234,1,35,27
PROD001,EMP234,1,36,27
PROD001,EMP234,1,37,17
PROD001,EMP234,1,38,29
PROD001,EMP234,1,39,22
PROD001,EMP234,1,40,27
PROD001,EMP234,1,41,32
PROD001,EMP234,1,42,34
PROD001,EMP234,1,43,40
PROD001,EMP234,1,44,23
PROD001,EMP234,1,45,36
PROD001,EMP234,1,46,30
PROD001,EMP234,1,47,30
PROD001,EMP234,1,48,26
PROD001,EMP234,1,49,21
PROD001,EMP234,1,50,16
PROD001,EMP234,1,51,24
PROD002,EMP234,0,0,27
PROD002,EMP234,0,1,45
PROD002,EMP234,0,2,40
PROD002,EMP234,0,3,34
PROD002,EMP234,0,4,31
PROD002,EMP234,0,5,35
PROD002,EMP234,0,6,37
PROD002,EMP234,0,7,40
PROD002,EMP234,0,8,40
PROD002,EMP234,0,9,37
PROD002,EMP234,0,10,34
PROD002,EMP234,0,11,25
PROD002,EMP234,0,12,29
PROD002,EMP234,0,13,30
PROD002,EMP234,0,14,42
PROD002,EMP234,0,15,35
PROD002,EMP234,0,16,37
PROD002,EMP234,0,17,42
PROD002,EMP234,0,18,38
PROD002,EMP234,0,19,33
PROD002,EMP234,0,20,38
PROD002,EMP234,0,21,39
PROD002,EMP234,0,22,33
PROD002,EMP234,0,23,41
PROD002,EMP234,0,24,24
PROD002,EMP234,0,25,20
PROD002,EMP234,0,26,25
PROD002,EMP234,0,27,32
PROD002,EMP234,0,28,25
PROD002,EMP234,0,29,32
PROD002,EMP234,0,30,27
PROD002,EMP234,0,31,28
PROD002,EMP234,0,32,34
PROD002,EMP234,0,33,39
PROD002,EMP234,0,34,19
PROD002,EMP234,0,35,32
PROD002,EMP234,0,36,23
PROD002,EMP234,0,37,30
PROD002,EMP234,0,38,33
PROD002,EMP234,0,39,34
PROD002,EMP234,0,40,23
PROD002,EMP234,0,41,28
PROD002,EMP234,0,42,34
PROD002,EMP234,0,43,27
PROD002,EMP234,0,44,39
PROD002,EMP234,0,45,36
PROD002,EMP234,0,46,39
PROD002,EMP234,0,47,35
PROD002,EMP234,0,48,22
PROD002,EMP234,0,49,35
PROD002,EMP234,0,50,16
PROD002,EMP234,0,51,23
PROD002,EMP234,1,0,32
PROD002,EMP234,1,1,34
PROD002,EMP234,1,2,46
PROD002,EMP234,1,3,30
PROD002,EMP234,1,4,39
PROD002,EMP234,1,5,51
PROD002,EMP234,1,6,28
PROD002,EMP234,1,7,25
PROD002,EMP234,1,8,30
PROD002,EMP234,1,9,32
PROD002,EMP234,1,10,38
PROD002,EMP234,1,11,23
PROD002,EMP234,1,12,41
PROD002,EMP234,1,13,29
PROD002,EMP234,1,14,39
PROD002,EMP234,1,15,38
PROD002,EMP234,1,16,35
PROD002,EMP234,1,17,31
PROD002,EMP234,1,18,44
PROD002,EMP234,1,19,28
PROD002,EMP234,1,20,30
PROD002,EMP234,1,21,38
PROD002,EMP234,1,22,34
PROD002,EMP234,1,23,42
PROD002,EMP234,1,24,29
PROD002,EMP234,1,25,20
PROD002,EMP234,1,26,26
PROD002,EMP234,1,27,30
PROD002,EMP234,1,28,31
PROD002,EMP234,1,29,37
PROD002,EMP234,1,30,41
PROD002,EMP234,1,31,30
PROD002,EMP234,1,32,28
PROD002,EMP234,1,33,30
PROD002,EMP234,1,34,30
PROD002,EMP234,1,35,23
PROD002,EMP234,1,36,48
PROD002,EMP234,1,37,25
PROD002,EMP234,1,38,25
PROD002,EMP234,1,39,26
PROD002,EMP234,1,40,26
PROD002,EMP234,1,41,28
PROD002,EMP234,1,42,27
PROD002,EMP234,1,43,33
PROD002,EMP234,1,44,28
PROD002,EMP234,1,45,45
PROD002,EMP234,1,46,30
PROD002,EMP234,1,47,44
PROD002,EMP234,1,48,29
PROD002,EMP234,1,49,27
PROD002,EMP234,1,50,23
PROD002,EMP234,1,51,22
PROD003,EMP234,0,0,34
PROD003,EMP234,0,1,37
PROD003,EMP234,0,2,29
PROD003,EMP234,0,3,42
PROD003,EMP234,0,4,31
PROD003,EMP234,0,5,36
PROD003,EMP234,0,6,36
PROD003,EMP234,0,7,43
PROD003,EMP234,0,8,29
PROD003,EMP234,0,9,30
PROD003,EMP234,0,10,48
PROD003,EMP234,0,11,34
PROD003,EMP234,0,12,38
PROD003,EMP234,0,13,33
PROD003,EMP234,0,14,28
PROD003,EMP234,0,15,45
PROD003,EMP234,0,16,41
PROD003,EMP234,0,17,33
PROD003,EMP234,0,18,52
PROD003,EMP234,0,19,38
PROD003,EMP234,0,20,29
PROD003,EMP234,0,21,33
PROD003,EMP234,0,22,43
PROD003,EMP234,0,23,34
PROD003,EMP234,0,24,33
PROD003,EMP234,0,25,23
PROD003,EMP234,0,26,25
PROD003,EMP234,0,27,28
PROD003,EMP234,0,28,25
PROD003,EMP234,0,29,23
PROD003,EMP234,0,30,32
PROD003,EMP234,0,31,25
PROD003,EMP234,0,32,36
PROD003,EMP234,0,33,36
PROD003,EMP234,0,34,27
PROD003,EMP234,0,35,25
PROD003,EMP234,0,36,22
PROD003,EMP234,0,37,28
PROD003,EMP234,0,38,24
PROD003,EMP234,0,39,27
PROD003,EMP234,0,40,35
PROD003,EMP234,0,41,30
PROD003,EMP234,0,42,24
PROD003,EMP234,0,43,31
PROD003,EMP234,0,44,31
PROD003,EMP234,0,45,31
PROD003,EMP234,0,46,20
PROD003,EMP234,0,47,33
PROD003,EMP234,0,48,27
PROD003,EMP234,0,49,24
PROD003,EMP234,0,50,30
PROD003,EMP234,0,51,18
PROD003,EMP234,1,0,36
PROD003,EMP234,1,1,33
PROD003,EMP234,1,2,40
PROD003,EMP234,1,3,46
PROD003,EMP234,1,4,39
PROD003,EMP234,1,5,39
PROD003,EMP234,1,6,26
PROD003,EMP234,1,7,44
PROD003,EMP234,1,8,34
PROD003,EMP234,1,9,34
PROD003,EMP234,1,10,43
PROD003,EMP234,1,11,46
PROD003,EMP234,1,12,36
PROD003,EMP234,1,13,28
PROD003,EMP234,1,14,27
PROD003,EMP234,1,15,44
PROD003,EMP234,1,16,32
PROD003,EMP234,1,17,32
PROD003,EMP234,1,18,39
PROD003,EMP234,1,19,32
PROD003,EMP234,1,20,36
PROD003,EMP234,1,21,39
PROD003,EMP234,1,22,31
PROD003,EMP234,1,23,25
PROD003,EMP234,1,24,33
PROD003,EMP234,1,25,22
PROD003,EMP234,1,26,24
PROD003,EMP234,1,27,22
PROD003,EMP234,1,28,24
PROD003,EMP234,1,29,28
PROD003,EMP234,1,30,27
PROD003,EMP234,1,31,18
PROD003,EMP234,1,32,24
PROD003,EMP234,1,33,27
PROD003,EMP234,1,34,34
PROD003,EMP234,1,35,27
PROD003,EMP234,1,36,35
PROD003,EMP234,1,37,38
PROD003,EMP234,1,38,52
PROD003,EMP234,1,39,32
PROD003,EMP234,1,40,25
PROD003,EMP234,1,41,25
PROD003,EMP234,1,42,22
PROD003,EMP234,1,43,24
PROD003,EMP234,1,44,29
PROD003,EMP234,1,45,35
PROD003,EMP234,1,46,33
PROD003,EMP234,1,47,32
PROD003,EMP234,1,48,34
PROD003,EMP234,1,49,32
PROD003,EMP234,1,50,19
PROD003,EMP234,1,51,18
PROD004,EMP234,0,0,35
PROD004,EMP234,0,1,37
PROD004,EMP234,0,2,31
PROD004,EMP234,0,3,23
PROD004,EMP234,0,4,37
PROD004,EMP234,0,5,42
PROD004,EMP234,0,6,38
PROD004,EMP234,0,7,34
PROD004,EMP234,0,8,33
PROD004,EMP234,0,9,37
PROD004,EMP234,0,10,34
PROD004,EMP234,0,11,43
PROD004,EMP234,0,12,37
PROD004,EMP234,0,13,32
PROD004,EMP234,0,14,43
PROD004,EMP234,0,15,42
PROD004,EMP234,0,16,41
PROD004,EMP234,0,17,43
PROD004,EMP234,0,18,29
PROD004,EMP234,0,19,33
PROD004,EMP234,0,20,39
PROD004,EMP234,0,21,25
PROD004,EMP234,0,22,32
PROD004,EMP234,0,23,31
PROD004,EMP234,0,24,23
PROD004,EMP234,0,25,19
PROD004,EMP234,0,26,21
PROD004,EMP234,0,27,29
PROD004,EMP234,0,28,21
PROD004,EMP234,0,29,25
PROD004,EMP234,0,30,20
PROD004,EMP234,0,31,29
PROD004,EMP234,0,32,22
PROD004,EMP234,0,33,19
PROD004,EMP234,0,34,37
PROD004,EMP234,0,35,28
PROD004,EMP234,0,36,37
PROD004,EMP234,0,37,27
PROD004,EMP234,0,38,23
PROD004,EMP234,0,39,28
PROD004,EMP234,0,40,42
PROD004,EMP234,0,41,28
PROD004,EMP234,0,42,29
PROD004,EMP234,0,43,32
PROD004,EMP234,0,44,25
PROD004,EMP234,0,45,31
PROD004,EMP234,0,46,21
PROD004,EMP234,0,47,35
PROD004,EMP234,0,48,23
PROD004,EMP234,0,49,33
PROD004,EMP234,0,50,28
PROD004,EMP234,0,51,27
PROD004,EMP234,1,0,25
PROD004,EMP234,1,1,37
PROD004,EMP234,1,2,42
PROD004,EMP234,1,3,50
PROD004,EMP234,1,4,18
PROD004,EMP234,1,5,32
PROD004,EMP234,1,6,38
PROD004,EMP234,1,7,37
PROD004,EMP234,1,8,33
PROD004,EMP234,1,9,30
PROD004,EMP234,1,10,37
PROD004,EMP234,1,11,20
PROD004,EMP234,1,12,41
PROD004,EMP234,1,13,40
PROD004,EMP234,1,14,39
PROD004,EMP234,1,15,38
PROD004,EMP234,1,16,34
PROD004,EMP234,1,17,32
PROD004,EMP234,1,18,41
PROD004,EMP234,1,19,30
PROD004,EMP234,1,20,40
PROD004,EMP234,1,21,36
PROD004,EMP234,1,22,31
PROD004,EMP234,1,23,33
PROD004,EMP234,1,24,28
PROD004,EMP234,1,25,22
PROD004,EMP234,1,26,22
PROD004,EMP234,1,27,30
PROD004,EMP234,1,28,23
PROD004,EMP234,1,29,31
PROD004,EMP234,1,30,28
PROD004,EMP234,1,31,30
PROD004,EMP234,1,32,34
PROD004,EMP234,1,33,29
PROD004,EMP234,1,34,30
PROD004,EMP234,1,35,32
PROD004,EMP234,1,36,26
PROD004,EMP234,1,37,30
PROD004,EMP234,1,38,31
PROD004,EMP234,1,39,24
PROD004,EMP234,1,40,29
PROD004,EMP234,1,41,27
PROD004,EMP234,1,42,24
PROD004,EMP234,1,43,28
PROD004,EMP234,1,44,30
PROD004,EMP234,1,45,28
PROD004,EMP234,1,46,29
PROD004,EMP234,1,47,34
PROD004,EMP234,1,48,31
PROD004,EMP234,1,49,29
PROD004,EMP234,1,50,25
PROD004,EMP234,1,51,19
PROD005,EMP234,0,0,26
PROD005,EMP234,0,1,16
PROD005,EMP234,0,2,23
PROD005,EMP234,0,3,19
PROD005,EMP234,0,4,29
PROD005,EMP234,0,5,21
PROD005,EMP234,0,6,16
PROD005,EMP234,0,7,14
PROD005,EMP234,0,8,29
PROD005,EMP234,0,9,13
PROD005,EMP234,0,10,20
PROD005,EMP234,0,11,22
PROD005,EMP234,0,12,16
PROD005,EMP234,0,13,26
PROD005,EMP234,0,14,19
PROD005,EMP234,0,15,26
PROD005,EMP234,0,16,23
PROD005,EMP234,0,17,17
PROD005,EMP234,0,18,12
PROD005,EMP234,0,19,20
PROD005,EMP234,0,20,24
PROD005,EMP234,0,21,29
PROD005,EMP234,0,22,24
PROD005,EMP234,0,23,38
PROD005,EMP234,0,24,24
PROD005,EMP234,0,25,27
PROD005,EMP234,0,26,10
PROD005,EMP234,0,27,17
PROD005,EMP234,0,28,10
PROD005,EMP234,0,29,16
PROD005,EMP234,0,30,18
PROD005,EMP234,0,31,21
PROD005,EMP234,0,32,14
PROD005,EMP234,0,33,23
PROD005,EMP234,0,34,21
PROD005,EMP234,0,35,15
PROD005,EMP234,0,36,25
PROD005,EMP234,0,37,15
PROD005,EMP234,0,38,13
PROD005,EMP234,0,39,11
PROD005,EMP234,0,40,21
PROD005,EMP234,0,41,19
PROD005,EMP234,0,42,20
PROD005,EMP234,0,43,15
PROD005,EMP234,0,44,17
PROD005,EMP234,0,45,11
PROD005,EMP234,0,46,12
PROD005,EMP234,0,47,18
PROD005,EMP234,0,48,23
PROD005,EMP234,0,49,22
PROD005,EMP234,0,50,19
PROD005,EMP234,0,51,31
PROD005,EMP234,1,0,18
PROD005,EMP234,1,1,26
PROD005,EMP234,1,2,12
PROD005,EMP234,1,3,17
PROD005,EMP234,1,4,23
PROD005,EMP234,1,5,15
PROD005,EMP234,1,6,18
PROD005,EMP234,1,7,19
PROD005,EMP234,1,8,33
PROD005,EMP234,1,9,31
PROD005,EMP234,1,10,21
PROD005,EMP234,1,11,32
PROD005,EMP234,1,12,21
PROD005,EMP234,1,13,17
PROD005,EMP234,1,14,29
PROD005,EMP234,1,15,20
PROD005,EMP234,1,16,20
PROD005,EMP234,1,17,23
PROD005,EMP234,1,18,20
PROD005,EMP234,1,19,27
PROD005,EMP234,1,20,20
PROD005,EMP234,1,21,30
PROD005,EMP234,1,22,29
PROD005,EMP234,1,23,33
PROD005,EMP234,1,24,43
PROD005,EMP234,1,25,31
PROD005,EMP234,1,26,9
PROD005,EMP234,1,27,17
PROD005,EMP234,1,28,16
PROD005,EMP234,1,29,17
PROD005,EMP234,1,30,14
PROD005,EMP234,1,31,15
PROD005,EMP234,1,32,13
PROD005,EMP234,1,33,8
PROD005,EMP234,1,34,13
PROD005,EMP234,1,35,25
PROD005,EMP234,1,36,16
PROD005,EMP234,1,37,29
PROD005,EMP234,1,38,17
PROD005,EMP234,1,39,17
PROD005,EMP234,1,40,19
PROD005,EMP234,1,41,19
PROD005,EMP234,1,42,24
PROD005,EMP234,1,43,26
PROD005,EMP234,1,44,21
PROD005,EMP234,1,45,25
PROD005,EMP234,1,46,25
PROD005,EMP234,1,47,24
PROD005,EMP234,1,48,29
PROD005,EMP234,1,49,23
PROD005,EMP234,1,50,34
PROD005,EMP234,1,51,30
PROD006,EMP234,0,0,16
PROD006,EMP234,0,1,30
PROD006,EMP234,0,2,25
PROD006,EMP234,0,3,11
PROD006,EMP234,0,4,23
PROD006,EMP234,0,5,19
PROD006,EMP234,0,6,27
PROD006,EMP234,0,7,15
PROD006,EMP234,0,8,30
PROD006,EMP234,0,9,23
PROD006,EMP234,0,10,19
PROD006,EMP234,0,11,22
PROD006,EMP234,0,12,16
PROD006,EMP234,0,13,17
PROD006,EMP234,0,14,19
PROD006,EMP234,0,15,20
PROD006,EMP234,0,16,30
PROD006,EMP234,0,17,15
PROD006,EMP234,0,18,24
PROD006,EMP234,0,19,15
PROD006,EMP234,0,20,18
PROD006,EMP234,0,21,16
PROD006,EMP234,0,22,15
PROD006,EMP234,0,23,23
PROD006,EMP234,0,24,20
PROD006,EMP234,0,25,20
PROD006,EMP234,0,26,15
PROD006,EMP234,0,27,11
PROD006,EMP234,0,28,9
PROD006,EMP234,0,29,12
PROD006,EMP234,0,30,21
PROD006,EMP234,0,31,26
PROD006,EMP234,0,32,20
PROD006,EMP234,0,33,12
PROD006,EMP234,0,34,16
PROD006,EMP234,0,35,14
PROD006,EMP234,0,36,11
PROD006,EMP234,0,37,15
PROD006,EMP234,0,38,24
PROD006,EMP234,0,39,14
PROD006,EMP234,0,40,19
PROD006,EMP234,0,41,20
PROD006,EMP234,0,42,19
PROD006,EMP234,0,43,14
PROD006,EMP234,0,44,18
PROD006,EMP234,0,45,13
PROD006,EMP234,0,46,17
PROD006,EMP234,0,47,15
PROD006,EMP234,0,48,11
PROD006,EMP234,0,49,13
PROD006,EMP234,0,50,18
PROD006,EMP234,0,51,20
PROD006,EMP234,1,0,15
PROD006,EMP234,1,1,26
PROD006,EMP234,1,2,11
PROD006,EMP234,1,3,15
PROD006,EMP234,1,4,19
PROD006,EMP234,1,5,15
PROD006,EMP234,1,6,16
PROD006,EMP234,1,7,19
PROD006,EMP234,1,8,19
PROD006,EMP234,1,9,23
PROD006,EMP234,1,10,24
PROD006,EMP234,1,11,24
PROD006,EMP234,1,12,19
PROD006,EMP234,1,13,26
PROD006,EMP234,1,14,19
PROD006,EMP234,1,15,16
PROD006,EMP234,1,16,20
PROD006,EMP234,1,17,23
PROD006,EMP234,1,18,20
PROD006,EMP234,1,19,9
PROD006,EMP234,1,20,13
PROD006,EMP234,1,21,23
PROD006,EMP234,1,22,28
PROD006,EMP234,1,23,27
PROD006,EMP234,1,24,26
PROD006,EMP234,1,25,27
PROD006,EMP234,1,26,6
PROD006,EMP234,1,27,14
PROD006,EMP234,1,28,13
PROD006,EMP234,1,29,8
PROD006,EMP234,1,30,18
PROD006,EMP234,1,31,16
PROD006,EMP234,1,32,15
PROD006,EMP234,1,33,17
PROD006,EMP234,1,34,7
PROD006,EMP234,1,35,18
PROD006,EMP234,1,36,13
PROD006,EMP234,1,37,17
PROD006,EMP234,1,38,9
PROD006,EMP234,1,39,16
PROD006,EMP234,1,40,16
PROD006,EMP234,1,41,16
PROD006,EMP234,1,42,12
PROD006,EMP234,1,43,18
PROD006,EMP234,1,44,13
PROD006,EMP234,1,45,11
PROD006,EMP234,1,46,20
PROD006,EMP234,1,47,20
PROD006,EMP234,1,48,26
PROD006,EMP234,1,49,26
PROD006,EMP234,1,50,25
PROD006,EMP234,1,51,37
PROD007,EMP234,0,0,14
PROD007,EMP234,0,1,20
PROD007,EMP234,0,2,15
PROD007,EMP234,0,3,11
PROD007,EMP234,0,4,10
PROD007,EMP234,0,5,20
PROD007,EMP234,0,6,18
PROD007,EMP234,0,7,12
PROD007,EMP234,0,8,18
PROD007,EMP234,0,9,11
PROD007,EMP234,0,10,17
PROD007,EMP234,0,11,18
PROD007,EMP234,0,12,13
PROD007,EMP234,0,13,24
PROD007,EMP234,0,14,11
PROD007,EMP234,0,15,18
PROD007,EMP234,0,16,21
PROD007,EMP234,0,17,12
PROD007,EMP234,0,18,14
PROD007,EMP234,0,19,22
PROD007,EMP234,0,20,15
PROD007,EMP234,0,21,22
PROD007,EMP234,0,22,20
PROD007,EMP234,0,23,21
PROD007,EMP234,0,24,34
PROD007,EMP234,0,25,26
PROD007,EMP234,0,26,13
PROD007,EMP234,0,27,11
PROD007,EMP234,0,28,11
PROD007,EMP234,0,29,16
PROD007,EMP234,0,30,16
PROD007,EMP234,0,31,11
PROD007,EMP234,0,32,9
PROD007,EMP234,0,33,15
PROD007,EMP234,0,34,19
PROD007,EMP234,0,35,14
PROD007,EMP234,0,36,20
PROD007,EMP234,0,37,18
PROD007,EMP234,0,38,17
PROD007,EMP234,0,39,19
PROD007,EMP234,0,40,8
PROD007,EMP234,0,41,15
PROD007,EMP234,0,42,17
PROD007,EMP234,0,43,13
PROD007,EMP234,0,44,10
PROD007,EMP234,0,45,20
PROD007,EMP234,0,46,19
PROD007,EMP234,0,47,15
PROD007,EMP234,0,48,18
PROD007,EMP234,0,49,22
PROD007,EMP234,0,50,26
PROD007,EMP234,0,51,18
PROD007,EMP234,1,0,16
PROD007,EMP234,1,1,17
PROD007,EMP234,1,2,12
PROD007,EMP234,1,3,10
PROD007,EMP234,1,4,23
PROD007,EMP234,1,5,14
PROD007,EMP234,1,6,23
PROD007,EMP234,1,7,15
PROD007,EMP234,1,8,14
PROD007,EMP234,1,9,18
PROD007,EMP234,1,10,17
PROD007,EMP234,1,11,18
PROD007,EMP234,1,12,11
PROD007,EMP234,1,13,16
PROD007,EMP234,1,14,15
PROD007,EMP234,1,15,18
PROD007,EMP234,1,16,23
PROD007,EMP234,1,17,22
PROD007,EMP234,1,18,23
PROD007,EMP234,1,19,13
PROD007,EMP234,1,20,23
PROD007,EMP234,1,21,22
PROD007,EMP234,1,22,24
PROD007,EMP234,1,23,35
PROD007,EMP234,1,24,23
PROD007,EMP234,1,25,24
PROD007,EMP234,1,26,13
PROD007,EMP234,1,27,18
PROD007,EMP234,1,28,13
PROD007,EMP234,1,29,11
PROD007,EMP234,1,30,17
PROD007,EMP234,1,31,18
PROD007,EMP234,1,32,9
PROD007,EMP234,1,33,10
PROD007,EMP234,1,34,14
PROD007,EMP234,1,35,11
PROD007,EMP234,1,36,14
PROD007,EMP234,1,37,13
PROD007,EMP234,1,38,15
PROD007,EMP234,1,39,18
PROD007,EMP234,1,40,16
PROD007,EMP234,1,41,12
PROD007,EMP234,1,42,19
PROD007,EMP234,1,43,12
PROD007,EMP234,1,44,10
PROD007,EMP234,1,45,18
PROD007,EMP234,1,46,11
PROD007,EMP234,1,47,18
PROD007,EMP234,1,48,21
PROD007,EMP234,1,49,19
PROD007,EMP234,1,50,24
PROD007,EMP234,1,51,22
PROD008,EMP234,0,0,10
PROD008,EMP234,0,1,10
PROD008,EMP234,0,2,10
PROD008,EMP234,0,3,11
PROD008,EMP234,0,4,11
PROD008,EMP234,0,5,11
PROD008,EMP234,0,6,15
PROD008,EMP234,0,7,14
PROD008,EMP234,0,8,20
PROD008,EMP234,0,9,16
PROD008,EMP234,0,10,5
PROD008,EMP234,0,11,16
PROD008,EMP234,0,12,18
PROD008,EMP234,0,13,17
PROD008,EMP234,0,14,19
PROD008,EMP234,0,15,20
PROD008,EMP234,0,16,17
PROD008,EMP234,0,17,15
PROD008,EMP234,0,18,12
PROD008,EMP234,0,19,24
PROD008,EMP234,0,20,23
PROD008,EMP234,0,21,22
PROD008,EMP234,0,22,16
PROD008,EMP234,0,23,17
PROD008,EMP234,0,24,20
PROD008,EMP234,0,25,25
PROD008,EMP234,0,26,9
PROD008,EMP234,0,27,16
PROD008,EMP234,0,28,15
PROD008,EMP234,0,29,10
PROD008,EMP234,0,30,9
PROD008,EMP234,0,31,14
PROD008,EMP234,0,32,13
PROD008,EMP234,0,33,14
PROD008,EMP234,0,34,12
PROD008,EMP234,0,35,6
PROD008,EMP234,0,36,11
PROD008,EMP234,0,37,21
PROD008,EMP234,0,38,14
PROD008,EMP234,0,39,10
PROD008,EMP234,0,40,15
PROD008,EMP234,0,41,14
PROD008,EMP234,0,42,10
PROD008,EMP234,0,43,17
PROD008,EMP234,0,44,21
PROD008,EMP234,0,45,14
PROD008,EMP234,0,46,25
PROD008,EMP234,0,47,20
PROD008,EMP234,0,48,12
PROD008,EMP234,0,49,21
PROD008,EMP234,0,50,25
PROD008,EMP234,0,51,23
PROD008,EMP234,1,0,9
PROD008,EMP234,1,1,13
PROD008,EMP234,1,2,15
PROD008,EMP234,1,3,18
PROD008,EMP234,1,4,15
PROD008,EMP234,1,5,10
PROD008,EMP234,1,6,10
PROD008,EMP234,1,7,17
PROD008,EMP234,1,8,20
PROD008,EMP234,1,9,14
PROD008,EMP234,1,10,15
PROD008,EMP234,1,11,20
PROD008,EMP234,1,12,12
PROD008,EMP234,1,13,11
PROD008,EMP234,1,14,20
PROD008,EMP234,1,15,17
PROD008,EMP234,1,16,18
PROD008,EMP234,1,17,24
PROD008,EMP234,1,18,15
PROD008,EMP234,1,19,19
PROD008,EMP234,1,20,23
PROD008,EMP234,1,21,20
PROD008,EMP234,1,22,26
PROD008,EMP234,1,23,23
PROD008,EMP234,1,24,34
PROD008,EMP234,1,25,25
PROD008,EMP234,1,26,9
PROD008,EMP234,1,27,11
PROD008,EMP234,1,28,13
PROD008,EMP234,1,29,14
PROD008,EMP234,1,30,8
PROD008,EMP234,1,31,10
PROD008,EMP234,1,32,16
PROD008,EMP234,1,33,14
PROD008,EMP234,1,34,11
PROD008,EMP234,1,35,8
PROD008,EMP234,1,36,10
PROD008,EMP234,1,37,17
PROD008,EMP234,1,38,13
PROD008,EMP234,1,39,17
PROD008,EMP234,1,40,11
PROD008,EMP234,1,41,8
PROD008,EMP234,1,42,12
PROD008,EMP234,1,43,10
PROD008,EMP234,1,44,11
PROD008,EMP234,1,45,23
PROD008,EMP234,1,46,20
PROD008,EMP234,1,47,11
PROD008,EMP234,1,48,17
PROD008,EMP234,1,49,16
PROD008,EMP234,1,50,16
PROD008,EMP234,1,51,27
PROD001,EMP244,0,0,35
PROD001,EMP244,0,1,34
PROD001,EMP244,0,2,40
PROD001,EMP244,0,3,36
PROD001,EMP244,0,4,45
PROD001,EMP244,0,5,37
PROD001,EMP244,0,6,43
PROD001,EMP244,0,7,47
PROD001,EMP244,0,8,34
PROD001,EMP244,0,9,39
PROD001,EMP244,0,10,33
PROD001,EMP244,0,11,41
PROD001,EMP244,0,12,47
PROD001,EMP244,0,13,40
PROD001,EMP244,0,14,47
PROD001,EMP244,0,15,53
PROD001,EMP244,0,16,44
PROD001,EMP244,0,17,39
PROD001,EMP244,0,18,42
PROD001,EMP244,0,19,41
PROD001,EMP244,0,20,44
PROD001,EMP244,0,21,51
PROD001,EMP244,0,22,47
PROD001,EMP244,0,23,44
PROD001,EMP244,0,24,38
PROD001,EMP244,0,25,32
PROD001,EMP244,0,26,29
PROD001,EMP244,0,27,41
PROD001,EMP244,0,28,27
PROD001,EMP244,0,29,21
PROD001,EMP244,0,30,36
PROD001,EMP244,0,31,27
PROD001,EMP244,0,32,30
PROD001,EMP244,0,33,19
PROD001,EMP244,0,34,46
PROD001,EMP244,0,35,31
PROD001,EMP244,0,36,33
PROD001,EMP244,0,37,29
PROD001,EMP244,0,38,36
PROD001,EMP244,0,39,34
PROD001,EMP244,0,40,25
PROD001,EMP244,0,41,27
PROD001,EMP244,0,42,52
PROD001,EMP244,0,43,36
PROD001,EMP244,0,44,43
PROD001,EMP244,0,45,31
PROD001,EMP244,0,46,37
PROD001,EMP244,0,47,38
PROD001,EMP244,0,48,42
PROD001,EMP244,0,49,28
PROD001,EMP244,0,50,28
PROD001,EMP244,0,51,26
PROD001,EMP244,1,0,42
PROD001,EMP244,1,1,48
PROD001,EMP244,1,2,38
PROD001,EMP244,1,3,43
PROD001,EMP244,1,4,35
PROD001,EMP244,1,5,39
PROD001,EMP244,1,6,36
PROD001,EMP244,1,7,38
PROD001,EMP244,1,8,49
PROD001,EMP244,1,9,46
PROD001,EMP244,1,10,44
PROD001,EMP244,1,11,25
PROD001,EMP244,1,12,43
PROD001,EMP244,1,13,38
PROD001,EMP244,1,14,34
PROD001,EMP244,1,15,48
PROD001,EMP244,1,16,52
PROD001,EMP244,1,17,67
PROD001,EMP244,1,18,52
PROD001,EMP244,1,19,45
PROD001,EMP244,1,20,64
PROD001,EMP244,1,21,49
PROD001,EMP244,1,22,48
PROD001,EMP244,1,23,72
PROD001,EMP244,1,24,64
PROD001,EMP244,1,25,64
PROD001,EMP244,1,26,30
PROD001,EMP244,1,27,25
PROD001,EMP244,1,28,43
PROD001,EMP244,1,29,23
PROD001,EMP244,1,30,29
PROD001,EMP244,1,31,30
PROD001,EMP244,1,32,31
PROD001,EMP244,1,33,28
PROD001,EMP244,1,34,34
PROD001,EMP244,1,35,34
PROD001,EMP244,1,36,36
PROD001,EMP244,1,37,47
PROD001,EMP244,1,38,24
PROD001,EMP244,1,39,35
PROD001,EMP244,1,40,47
PROD001,EMP244,1,41,34
PROD001,EMP244,1,42,46
PROD001,EMP244,1,43,41
PROD001,EMP244,1,44,34
PROD001,EMP244,1,45,39
PROD001,EMP244,1,46,44
PROD001,EMP244,1,47,46
PROD001,EMP244,1,48,46
PROD001,EMP244,1,49,41
PROD001,EMP244,1,50,57
PROD001,EMP244,1,51,73
PROD002,EMP244,0,0,41
PROD002,EMP244,0,1,27
PROD002,EMP244,0,2,27
PROD002,EMP244,0,3,51
PROD002,EMP244,0,4,37
PROD002,EMP244,0,5,38
PROD002,EMP244,0,6,48
PROD002,EMP244,0,7,40
PROD002,EMP244,0,8,39
PROD002,EMP244,0,9,40
PROD002,EMP244,0,10,47
PROD002,EMP244,0,11,31
PROD002,EMP244,0,12,48
PROD002,EMP244,0,13,43
PROD002,EMP244,0,14,37
PROD002,EMP244,0,15,45
PROD002,EMP244,0,16,47
PROD002,EMP244,0,17,39
PROD002,EMP244,0,18,50
PROD002,EMP244,0,19,38
PROD002,EMP244,0,20,38
PROD002,EMP244,0,21,44
PROD002,EMP244,0,22,33
PROD002,EMP244,0,23,27
PROD002,EMP244,0,24,39
PROD002,EMP244,0,25,23
PROD002,EMP244,0,26,22
PROD002,EMP244,0,27,29
PROD002,EMP244,0,28,24
PROD002,EMP244,0,29,36
PROD002,EMP244,0,30,33
PROD002,EMP244,0,31,33
PROD002,EMP244,0,32,32
PROD002,EMP244,0,33,38
PROD002,EMP244,0,34,32
PROD002,EMP244,0,35,30
PROD002,EMP244,0,36,32
PROD002,EMP244,0,37,34
PROD002,EMP244,0,38,41
PROD002,EMP244,0,39,47
PROD002,EMP244,0,40,28
PROD002,EMP244,0,41,26
PROD002,EMP244,0,42,23
PROD002,EMP244,0,43,38
PROD002,EMP244,0,44,36
PROD002,EMP244,0,45,40
PROD002,EMP244,0,46,44
PROD002,EMP244,0,47,39
PROD002,EMP244,0,48,37
PROD002,EMP244,0,49,24
PROD002,EMP244,0,50,27
PROD002,EMP244,0,51,22
PROD002,EMP244,1,0,36
PROD002,EMP244,1,1,42
PROD002,EMP244,1,2,27
PROD002,EMP244,1,3,33
PROD002,EMP244,1,4,40
PROD002,EMP244,1,5,48
PROD002,EMP244,1,6,38
PROD002,EMP244,1,7,39
PROD002,EMP244,1,8,41
PROD002,EMP244,1,9,39
PROD002,EMP244,1,10,44
PROD002,EMP244,1,11,35
PROD002,EMP244,1,12,53
PROD002,EMP244,1,13,52
PROD002,EMP244,1,14,43
PROD002,EMP244,1,15,45
PROD002,EMP244,1,16,41
PROD002,EMP244,1,17,42
PROD002,EMP244,1,18,43
PROD002,EMP244,1,19,26
PROD002,EMP244,1,20,35
PROD002,EMP244,1,21,29
PROD002,EMP244,1,22,48
PROD002,EMP244,1,23,24
PROD002,EMP244,1,24,33
PROD002,EMP244,1,25,34
PROD002,EMP244,1,26,23
PROD002,EMP244,1,27,24
PROD002,EMP244,1,28,26
PROD002,EMP244,1,29,28
PROD002,EMP244,1,30,32
PROD002,EMP244,1,31,34
PROD002,EMP244,1,32,38
PROD002,EMP244,1,33,40
PROD002,EMP244,1,34,32
PROD002,EMP244,1,35,31
PROD002,EMP244,1,36,50
PROD002,EMP244,1,37,36
PROD002,EMP244,1,38,43
PROD002,EMP244,1,39,42
PROD002,EMP244,1,40,32
PROD002,EMP244,1,41,32
PROD002,EMP244,1,42,38
PROD002,EMP244,1,43,36
PROD002,EMP244,1,44,39
PROD002,EMP244,1,45,32
PROD002,EMP244,1,46,31
PROD002,EMP244,1,47,39
PROD002,EMP244,1,48,23
PROD002,EMP244,1,49,40
PROD002,EMP244,1,50,32
PROD002,EMP244,1,51,14
PROD003,EMP244,0,0,27
PROD003,EMP244,0,1,46
PROD003,EMP244,0,2,31
PROD003,EMP244,0,3,38
PROD003,EMP244,0,4,40
PROD003,EMP244,0,5,40
PROD003,EMP244,0,6,53
PROD003,EMP244,0,7,43
PROD003,EMP244,0,8,45
PROD003,EMP244,0,9,32
PROD003,EMP244,0,10,37
PROD003,EMP244,0,11,32
PROD003,EMP244,0,12,38
PROD003,EMP244,0,13,39
PROD003,EMP244,0,14,28
PROD003,EMP244,0,15,43
PROD003,EMP244,0,16,50
PROD003,EMP244,0,17,39
PROD003,EMP244,0,18,44
PROD003,EMP244,0,19,33
PROD003,EMP244,0,20,35
PROD003,EMP244,0,21,33
PROD003,EMP244,0,22,38
PROD003,EMP244,0,23,26
PROD003,EMP244,0,24,28
PROD003,EMP244,0,25,24
PROD003,EMP244,0,26,21
PROD003,EMP244,0,27,26
PROD003,EMP244,0,28,24
PROD003,EMP244,0,29,33
PROD003,EMP244,0,30,28
PROD003,EMP244,0,31,24
PROD003,EMP244,0,32,24
PROD003,EMP244,0,33,29
PROD003,EMP244,0,34,23
PROD003,EMP244,0,35,30
PROD003,EMP244,0,36,38
PROD003,EMP244,0,37,29
PROD003,EMP244,0,38,23
PROD003,EMP244,0,39,30
PROD003,EMP244,0,40,41
PROD003,EMP244,0,41,30
PROD003,EMP244,0,42,33
PROD003,EMP244,0,43,46
PROD003,EMP244,0,44,30
PROD003,EMP244,0,45,29
PROD003,EMP244,0,46,31
PROD003,EMP244,0,47,32
PROD003,EMP244,0,48,21
PROD003,EMP244,0,49,34
PROD003,EMP244,0,50,31
PROD003,EMP244,0,51,14
PROD003,EMP244,1,0,38
PROD003,EMP244,1,1,26
PROD003,EMP244,1,2,37
PROD003,EMP244,1,3,43
PROD003,EMP244,1,4,51
PROD003,EMP244,1,5,39
PROD003,EMP244,1,6,42
PROD003,EMP244,1,7,27
PROD003,EMP244,1,8,36
PROD003,EMP244,1,9,45
PROD003,EMP244,1,10,27
PROD003,EMP244,1,11,39
PROD003,EMP244,1,12,37
PROD003,EMP244,1,13,41
PROD003,EMP244,1,14,28
PROD003,EMP244,1,15,45
PROD003,EMP244,1,16,39
PROD003,EMP244,1,17,34
PROD003,EMP244,1,18,40
PROD003,EMP244,1,19,45
PROD003,EMP244,1,20,39
PROD003,EMP244,1,21,35
PROD003,EMP244,1,22,35
PROD003,EMP244,1,23,45
PROD003,EMP244,1,24,32
PROD003,EMP244,1,25,17
PROD003,EMP244,1,26,23
PROD003,EMP244,1,27,28
PROD003,EMP244,1,28,38
PROD003,EMP244,1,29,26
PROD003,EMP244,1,30,36
PROD003,EMP244,1,31,35
PROD003,EMP244,1,32,24
PROD003,EMP244,1,33,24
PROD003,EMP244,1,34,32
PROD003,EMP244,1,35,34
PROD003,EMP244,1,36,30
PROD003,EMP244,1,37,30
PROD003,EMP244,1,38,17
PROD003,EMP244,1,39,27
PROD003,EMP244,1,40,36
PROD003,EMP244,1,41,35
PROD003,EMP244,1,42,33
PROD003,EMP244,1,43,29
PROD003,EMP244,1,44,37
PROD003,EMP244,1,45,20
PROD003,EMP244,1,46,38
PROD003,EMP244,1,47,38
PROD003,EMP244,1,48,32
PROD003,EMP244,1,49,14
PROD003,EMP244,1,50,26
PROD003,EMP244,1,51,20
PROD004,EMP244,0,0,43
PROD004,EMP244,0,1,34
PROD004,EMP244,0,2,39
PROD004,EMP244,0,3,32
PROD004,EMP244,0,4,45
PROD004,EMP244,0,5,35
PROD004,EMP244,0,6,43
PROD004,EMP244,0,7,44
PROD004,EMP244,0,8,36
PROD004,EMP244,0,9,39
PROD004,EMP244,0,10,37
PROD004,EMP244,0,11,27
PROD004,EMP244,0,12,38
PROD004,EMP244,0,13,34
PROD004,EMP244,0,14,32
PROD004,EMP244,0,15,30
PROD004,EMP244,0,16,47
PROD004,EMP244,0,17,33
PROD004,EMP244,0,18,30
PROD004,EMP244,0,19,26
PROD004,EMP244,0,20,31
PROD004,EMP244,0,21,35
PROD004,EMP244,0,22,22
PROD004,EMP244,0,23,26
PROD004,EMP244,0,24,44
PROD004,EMP244,0,25,18
PROD004,EMP244,0,26,41
PROD004,EMP244,0,27,30
PROD004,EMP244,0,28,22
PROD004,EMP244,0,29,28
PROD004,EMP244,0,30,31
PROD004,EMP244,0,31,21
PROD004,EMP244,0,32,27
PROD004,EMP244,0,33,33
PROD004,EMP244,0,34,39
PROD004,EMP244,0,35,27
PROD004,EMP244,0,36,29
PROD004,EMP244,0,37,22
PROD004,EMP244,0,38,36
PROD004,EMP244,0,39,30
PROD004,EMP244,0,40,29
PROD004,EMP244,0,41,38
PROD004,EMP244,0,42,27
PROD004,EMP244,0,43,29
PROD004,EMP244,0,44,42
PROD004,EMP244,0,45,38
PROD004,EMP244,0,46,30
PROD004,EMP244,0,47,28
PROD004,EMP244,0,48,28
PROD004,EMP244,0,49,30
PROD004,EMP244,0,50,34
PROD004,EMP244,0,51,28
PROD004,EMP244,1,0,31
PROD004,EMP244,1,1,28
PROD004,EMP244,1,2,41
PROD004,EMP244,1,3,36
PROD004,EMP244,1,4,45
PROD004,EMP244,1,5,25
PROD004,EMP244,1,6,42
PROD004,EMP244,1,7,47
PROD004,EMP244,1,8,36
PROD004,EMP244,1,9,42
PROD004,EMP244,1,10,42
PROD004,EMP244,1,11,37
PROD004,EMP244,1,12,45
PROD004,EMP244,1,13,38
PROD004,EMP244,1,14,40
PROD004,EMP244,1,15,31
PROD004,EMP244,1,16,34
PROD004,EMP244,1,17,28
PROD004,EMP244,1,18,27
PROD004,EMP244,1,19,35
PROD004,EMP244,1,20,40
PROD004,EMP244,1,21,41
PROD004,EMP244,1,22,32
PROD004,EMP244,1,23,31
PROD004,EMP244,1,24,35
PROD004,EMP244,1,25,28
PROD004,EMP244,1,26,19
PROD004,EMP244,1,27,25
PROD004,EMP244,1,28,28
PROD004,EMP244,1,29,21
PROD004,EMP244,1,30,32
PROD004,EMP244,1,31,36
PROD004,EMP244,1,32,29
PROD004,EMP244,1,33,32
PROD004,EMP244,1,34,31
PROD004,EMP244,1,35,20
PROD004,EMP244,1,36,25
PROD004,EMP244,1,37,21
PROD004,EMP244,1,38,38
PROD004,EMP244,1,39,29
PROD004,EMP244,1,40,32
PROD004,EMP244,1,41,32
PROD004,EMP244,1,42,27
PROD004,EMP244,1,43,36
PROD004,EMP244,1,44,31
PROD004,EMP244,1,45,29
PROD004,EMP244,1,46,36
PROD004,EMP244,1,47,26
PROD004,EMP244,1,48,43
PROD004,EMP244,1,49,32
PROD004,EMP244,1,50,35
PROD004,EMP244,1,51,19
PROD005,EMP244,0,0,40
PROD005,EMP244,0,1,38
PROD005,EMP244,0,2,39
PROD005,EMP244,0,3,38
PROD005,EMP244,0,4,39
PROD005,EMP244,0,5,33
PROD005,EMP244,0,6,28
PROD005,EMP244,0,7,44
PROD005,EMP244,0,8,36
PROD005,EMP244,0,9,36
PROD005,EMP244,0,10,23
PROD005,EMP244,0,11,38
PROD005,EMP244,0,12,38
PROD005,EMP244,0,13,41
PROD005,EMP244,0,14,43
PROD005,EMP244,0,15,27
PROD005,EMP244,0,16,38
PROD005,EMP244,0,17,31
PROD005,EMP244,0,18,43
PROD005,EMP244,0,19,32
PROD005,EMP244,0,20,35
PROD005,EMP244,0,21,38
PROD005,EMP244,0,22,48
PROD005,EMP244,0,23,38
PROD005,EMP244,0,24,30
PROD005,EMP244,0,25,21
PROD005,EMP244,0,26,20
PROD005,EMP244,0,27,22
PROD005,EMP244,0,28,24
PROD005,EMP244,0,29,23
PROD005,EMP244,0,30,31
PROD005,EMP244,0,31,23
PROD005,EMP244,0,32,33
PROD005,EMP244,0,33,31
PROD005,EMP244,0,34,39
PROD005,EMP244,0,35,30
PROD005,EMP244,0,36,30
PROD005,EMP244,0,37,34
PROD005,EMP244,0,38,31
PROD005,EMP244,0,39,21
PROD005,EMP244,0,40,21
PROD005,EMP244,0,41,39
PROD005,EMP244,0,42,30
PROD005,EMP244,0,43,29
PROD005,EMP244,0,44,29
PROD005,EMP244,0,45,41
PROD005,EMP244,0,46,35
PROD005,EMP244,0,47,22
PROD005,EMP244,0,48,28
PROD005,EMP244,0,49,29
PROD005,EMP244,0,50,29
PROD005,EMP244,0,51,23
PROD005,EMP244,1,0,27
PROD005,EMP244,1,1,34
PROD005,EMP244,1,2,43
PROD005,EMP244,1,3,45
PROD005,EMP244,1,4,28
PROD005,EMP244,1,5,35
PROD005,EMP244,1,6,26
PROD005,EMP244,1,7,34
PROD005,EMP244,1,8,38
PROD005,EMP244,1,9,45
PROD005,EMP244,1,10,26
PROD005,EMP244,1,11,49
PROD005,EMP244,1,12,51
PROD005,EMP244,1,13,41
PROD005,EMP244,1,14,34
PROD005,EMP244,1,15,38
PROD005,EMP244,1,16,41
PROD005,EMP244,1,17,38
PROD005,EMP244,1,18,40
PROD005,EMP244,1,19,34
PROD005,EMP244,1,20,47
PROD005,EMP244,1,21,32
PROD005,EMP244,1,22,32
PROD005,EMP244,1,23,38
PROD005,EMP244,1,24,32
PROD005,EMP244,1,25,18
PROD005,EMP244,1,26,20
PROD005,EMP244,1,27,32
PROD005,EMP244,1,28,26
PROD005,EMP244,1,29,35
PROD005,EMP244,1,30,29
PROD005,EMP244,1,31,25
PROD005,EMP244,1,32,27
PROD005,EMP244,1,33,35
PROD005,EMP244,1,34,20
PROD005,EMP244,1,35,28
PROD005,EMP244,1,36,35
PROD005,EMP244,1,37,24
PROD005,EMP244,1,38,26
PROD005,EMP244,1,39,34
PROD005,EMP244,1,40,40
PROD005,EMP244,1,41,31
PROD005,EMP244,1,42,28
PROD005,EMP244,1,43,31
PROD005,EMP244,1,44,17
PROD005,EMP244,1,45,38
PROD005,EMP244,1,46,34
PROD005,EMP244,1,47,28
PROD005,EMP244,1,48,21
PROD005,EMP244,1,49,28
PROD005,EMP244,1,50,30
PROD005,EMP244,1,51,15
PROD006,EMP244,0,0,36
PROD006,EMP244,0,1,44
PROD006,EMP244,0,2,22
PROD006,EMP244,0,3,35
PROD006,EMP244,0,4,34
PROD006,EMP244,0,5,34
PROD006,EMP244,0,6,38
PROD006,EMP244,0,7,34
PROD006,EMP244,0,8,26
PROD006,EMP244,0,9,36
PROD006,EMP244,0,10,33
PROD006,EMP244,0,11,28
PROD006,EMP244,0,12,43
PROD006,EMP244,0,13,38
PROD006,EMP244,0,14,19
PROD006,EMP244,0,15,40
PROD006,EMP244,0,16,41
PROD006,EMP244,0,17,32
PROD006,EMP244,0,18,41
PROD006,EMP244,0,19,36
PROD006,EMP244,0,20,51
PROD006,EMP244,0,21,29
PROD006,EMP244,0,22,29
PROD006,EMP244,0,23,32
PROD006,EMP244,0,24,24
PROD006,EMP244,0,25,23
PROD006,EMP244,0,26,19
PROD006,EMP244,0,27,32
PROD006,EMP244,0,28,26
PROD006,EMP244,0,29,28
PROD006,EMP244,0,30,31
PROD006,EMP244,0,31,22
PROD006,EMP244,0,32,49
PROD006,EMP244,0,33,35
PROD006,EMP244,0,34,29
PROD006,EMP244,0,35,38
PROD006,EMP244,0,36,29
PROD006,EMP244,0,37,31
PROD006,EMP244,0,38,25
PROD006,EMP244,0,39,21
PROD006,EMP244,0,40,22
PROD006,EMP244,0,41,32
PROD006,EMP244,0,42,28
PROD006,EMP244,0,43,31
PROD006,EMP244,0,44,39
PROD006,EMP244,0,45,29
PROD006,EMP244,0,46,29
PROD006,EMP244,0,47,34
PROD006,EMP244,0,48,27
PROD006,EMP244,0,49,40
PROD006,EMP244,0,50,35
PROD006,EMP244,0,51,24
PROD006,EMP244,1,0,31
PROD006,EMP244,1,1,39
PROD006,EMP244,1,2,50
PROD006,EMP244,1,3,31
PROD006,EMP244,1,4,37
PROD006,EMP244,1,5,30
PROD006,EMP244,1,6,37
PROD006,EMP244,1,7,44
PROD006,EMP244,1,8,35
PROD006,EMP244,1,9,33
PROD006,EMP244,1,10,26
PROD006,EMP244,1,11,32
PROD006,EMP244,1,12,41
PROD006,EMP244,1,13,35
PROD006,EMP244,1,14,35
PROD006,EMP244,1,15,47
PROD006,EMP244,1,16,43
PROD006,EMP244,1,17,45
PROD006,EMP244,1,18,41
PROD006,EMP244,1,19,40
PROD006,EMP244,1,20,29
PROD006,EMP244,1,21,22
PROD006,EMP244,1,22,36
PROD006,EMP244,1,23,25
PROD006,EMP244,1,24,32
PROD006,EMP244,1,25,18
PROD006,EMP244,1,26,22
PROD006,EMP244,1,27,21
PROD006,EMP244,1,28,27
PROD006,EMP244,1,29,30
PROD006,EMP244,1,30,35
PROD006,EMP244,1,31,33
PROD006,EMP244,1,32,32
PROD006,EMP244,1,33,24
PROD006,EMP244,1,34,18
PROD006,EMP244,1,35,35
PROD006,EMP244,1,36,33
PROD006,EMP244,1,37,30
PROD006,EMP244,1,38,24
PROD006,EMP244,1,39,23
PROD006,EMP244,1,40,36
PROD006,EMP244,1,41,27
PROD006,EMP244,1,42,31
PROD006,EMP244,1,43,39
PROD006,EMP244,1,44,38
PROD006,EMP244,1,45,21
PROD006,EMP244,1,46,32
PROD006,EMP244,1,47,33
PROD006,EMP244,1,48,34
PROD006,EMP244,1,49,24
PROD006,EMP244,1,50,22
PROD006,EMP244,1,51,30
PROD007,EMP244,0,0,35
PROD007,EMP244,0,1,29
PROD007,EMP244,0,2,40
PROD007,EMP244,0,3,32
PROD007,EMP244,0,4,33
PROD007,EMP244,0,5,30
PROD007,EMP244,0,6,36
PROD007,EMP244,0,7,42
PROD007,EMP244,0,8,40
PROD007,EMP244,0,9,44
PROD007,EMP244,0,10,40
PROD007,EMP244,0,11,38
PROD007,EMP244,0,12,34
PROD007,EMP244,0,13,34
PROD007,EMP244,0,14,36
PROD007,EMP244,0,15,38
PROD007,EMP244,0,16,31
PROD007,EMP244,0,17,35
PROD007,EMP244,0,18,44
PROD007,EMP244,0,19,38
PROD007,EMP244,0,20,36
PROD007,EMP244,0,21,41
PROD007,EMP244,0,22,33
PROD007,EMP244,0,23,38
PROD007,EMP244,0,24,31
PROD007,EMP244,0,25,34
PROD007,EMP244,0,26,20
PROD007,EMP244,0,27,24
PROD007,EMP244,0,28,27
PROD007,EMP244,0,29,31
PROD007,EMP244,0,30,25
PROD007,EMP244,0,31,18
PROD007,EMP244,0,32,35
PROD007,EMP244,0,33,19
PROD007,EMP244,0,34,34
PROD007,EMP244,0,35,23
PROD007,EMP244,0,36,20
PROD007,EMP244,0,37,28
PROD007,EMP244,0,38,27
PROD007,EMP244,0,39,34
PROD007,EMP244,0,40,19
PROD007,EMP244,0,41,35
PROD007,EMP244,0,42,18
PROD007,EMP244,0,43,35
PROD007,EMP244,0,44,20
PROD007,EMP244,0,45,34
PROD007,EMP244,0,46,31
PROD007,EMP244,0,47,33
PROD007,EMP244,0,48,30
PROD007,EMP244,0,49,25
PROD007,EMP244,0,50,30
PROD007,EMP244,0,51,18
PROD007,EMP244,1,0,34
PROD007,EMP244,1,1,30
PROD007,EMP244,1,2,42
PROD007,EMP244,1,3,42
PROD007,EMP244,1,4,29
PROD007,EMP244,1,5,24
PROD007,EMP244,1,6,36
PROD007,EMP244,1,7,42
PROD007,EMP244,1,8,42
PROD007,EMP244,1,9,29
PROD007,EMP244,1,10,42
PROD007,EMP244,1,11,47
PROD007,EMP244,1,12,26
PROD007,EMP244,1,13,30
PROD007,EMP244,1,14,32
PROD007,EMP244,1,15,37
PROD007,EMP244,1,16,40
PROD007,EMP244,1,17,30
PROD007,EMP244,1,18,37
PROD007,EMP244,1,19,33
PROD007,EMP244,1,20,40
PROD007,EMP244,1,21,36
PROD007,EMP244,1,22,22
PROD007,EMP244,1,23,31
PROD007,EMP244,1,24,39
PROD007,EMP244,1,25,24
PROD007,EMP244,1,26,26
PROD007,EMP244,1,27,24
PROD007,EMP244,1,28,27
PROD007,EMP244,1,29,24
PROD007,EMP244,1,30,25
PROD007,EMP244,1,31,43
PROD007,EMP244,1,32,29
PROD007,EMP244,1,33,27
PROD007,EMP244,1,34,34
PROD007,EMP244,1,35,21
PROD007,EMP244,1,36,33
PROD007,EMP244,1,37,30
PROD007,EMP244,1,38,34
PROD007,EMP244,1,39,22
PROD007,EMP244,1,40,22
PROD007,EMP244,1,41,25
PROD007,EMP244,1,42,32
PROD007,EMP244,1,43,32
PROD007,EMP244,1,44,25
PROD007,EMP244,1,45,36
PROD007,EMP244,1,46,36
PROD007,EMP244,1,47,23
PROD007,EMP244,1,48,28
PROD007,EMP244,1,49,43
PROD007,EMP244,1,50,20
PROD007,EMP244,1,51,25
PROD008,EMP244,0,0,17
PROD008,EMP244,0,1,16
PROD008,EMP244,0,2,19
PROD008,EMP244,0,3,20
PROD008,EMP244,0,4,19
PROD008,EMP244,0,5,19
PROD008,EMP244,0,6,29
PROD008,EMP244,0,7,35
PROD008,EMP244,0,8,15
PROD008,EMP244,0,9,27
PROD008,EMP244,0,10,24
PROD008,EMP244,0,11,24
PROD008,EMP244,0,12,34
PROD008,EMP244,0,13,29
PROD008,EMP244,0,14,24
PROD008,EMP244,0,15,29
PROD008,EMP244,0,16,24
PROD008,EMP244,0,17,29
PROD008,EMP244,0,18,22
PROD008,EMP244,0,19,22
PROD008,EMP244,0,20,37
PROD008,EMP244,0,21,32
PROD008,EMP244,0,22,25
PROD008,EMP244,0,23,27
PROD008,EMP244,0,24,50
PROD008,EMP244,0,25,33
PROD008,EMP244,0,26,14
PROD008,EMP244,0,27,11
PROD008,EMP244,0,28,13
PROD008,EMP244,0,29,24
PROD008,EMP244,0,30,16
PROD008,EMP244,0,31,17
PROD008,EMP244,0,32,15
PROD008,EMP244,0,33,17
PROD008,EMP244,0,34,18
PROD008,EMP244,0,35,20
PROD008,EMP244,0,36,19
PROD008,EMP244,0,37,26
PROD008,EMP244,0,38,16
PROD008,EMP244,0,39,24
PROD008,EMP244,0,40,17
PROD008,EMP244,0,41,20
PROD008,EMP244,0,42,26
PROD008,EMP244,0,43,35
PROD008,EMP244,0,44,29
PROD008,EMP244,0,45,22
PROD008,EMP244,0,46,22
PROD008,EMP244,0,47,30
PROD008,EMP244,0,48,29
PROD008,EMP244,0,49,31
PROD008,EMP244,0,50,34
PROD008,EMP244,0,51,39
PROD008,EMP244,1,0,28
PROD008,EMP244,1,1,23
PROD008,EMP244,1,2,35
PROD008,EMP244,1,3,34
PROD008,EMP244,1,4,33
PROD008,EMP244,1,5,27
PROD008,EMP244,1,6,33
PROD008,EMP244,1,7,27
PROD008,EMP244,1,8,25
PROD008,EMP244,1,9,32
PROD008,EMP244,1,10,40
PROD008,EMP244,1,11,28
PROD008,EMP244,1,12,34
PROD008,EMP244,1,13,24
PROD008,EMP244,1,14,31
PROD008,EMP244,1,15,23
PROD008,EMP244,1,16,27
PROD008,EMP244,1,17,21
PROD008,EMP244,1,18,46
PROD008,EMP244,1,19,29
PROD008,EMP244,1,20,21
PROD008,EMP244,1,21,21
PROD008,EMP244,1,22,27
PROD008,EMP244,1,23,35
PROD008,EMP244,1,24,27
PROD008,EMP244,1,25,24
PROD008,EMP244,1,26,22
PROD008,EMP244,1,27,16
PROD008,EMP244,1,28,19
PROD008,EMP244,1,29,28
PROD008,EMP244,1,30,23
PROD008,EMP244,1,31,14
PROD008,EMP244,1,32,17
PROD008,EMP244,1,33,21
PROD008,EMP244,1,34,16
PROD008,EMP244,1,35,23
PROD008,EMP244,1,36,30
PROD008,EMP244,1,37,20
PROD008,EMP244,1,38,15
PROD008,EMP244,1,39,19
PROD008,EMP244,1,40,20
PROD008,EMP244,1,41,14
PROD008,EMP244,1,42,25
PROD008,EMP244,1,43,18
PROD008,EMP244,1,44,29
PROD008,EMP244,1,45,30
PROD008,EMP244,1,46,30
PROD008,EMP244,1,47,19
PROD008,EMP244,1,48,13
PROD008,EMP244,1,49,25
PROD008,EMP244,1,50,24
PROD008,EMP244,1,51,30
PROD001,EMP256,0,0,31
PROD001,EMP256,0,1,27
PROD001,EMP256,0,2,37
PROD001,EMP256,0,3,29
PROD001,EMP256,0,4,34
PROD001,EMP256,0,5,39
PROD001,EMP256,0,6,28
PROD001,EMP256,0,7,28
PROD001,EMP256,0,8,30
PROD001,EMP256,0,9,32
PROD001,EMP256,0,10,38
PROD001,EMP256,0,11,37
PROD001,EMP256,0,12,39
PROD001,EMP256,0,13,30
PROD001,EMP256,0,14,40
PROD001,EMP256,0,15,32
PROD001,EMP256,0,16,42
PROD001,EMP256,0,17,29
PROD001,EMP256,0,18,31
PROD001,EMP256,0,19,38
PROD001,EMP256,0,20,35
PROD001,EMP256,0,21,27
PROD001,EMP256,0,22,38
PROD001,EMP256,0,23,36
PROD001,EMP256,0,24,35
PROD001,EMP256,0,25,26
PROD001,EMP256,0,26,22
PROD001,EMP256,0,27,23
PROD001,EMP256,0,28,27
PROD001,EMP256,0,29,31
PROD001,EMP256,0,30,29
PROD001,EMP256,0,31,24
PROD001,EMP256,0,32,30
PROD001,EMP256,0,33,25
PROD001,EMP256,0,34,25
PROD001,EMP256,0,35,27
PROD001,EMP256,0,36,24
PROD001,EMP256,0,37,35
PROD001,EMP256,0,38,30
PROD001,EMP256,0,39,34
PROD001,EMP256,0,40,24
PROD001,EMP256,0,41,21
PROD001,EMP256,0,42,31
PROD001,EMP256,0,43,36
PROD001,EMP256,0,44,27
PROD001,EMP256,0,45,25
PROD001,EMP256,0,46,27
PROD001,EMP256,0,47,34
PROD001,EMP256,0,48,27
PROD001,EMP256,0,49,37
PROD001,EMP256,0,50,31
PROD001,EMP256,0,51,19
PROD001,EMP256,1,0,26
PROD001,EMP256,1,1,28
PROD001,EMP256,1,2,33
PROD001,EMP256,1,3,32
PROD001,EMP256,1,4,20
PROD001,EMP256,1,5,33
PROD001,EMP256,1,6,42
PROD001,EMP256,1,7,29
PROD001,EMP256,1,8,24
PROD001,EMP256,1,9,32
PROD001,EMP256,1,10,45
PROD001,EMP256,1,11,41
PROD001,EMP256,1,12,35
PROD001,EMP256,1,13,39
PROD001,EMP256,1,14,32
PROD001,EMP256,1,15,36
PROD001,EMP256,1,16,31
PROD001,EMP256,1,17,32
PROD001,EMP256,1,18,48
PROD001,EMP256,1,19,26
PROD001,EMP256,1,20,34
PROD001,EMP256,1,21,30
PROD001,EMP256,1,22,36
PROD001,EMP256,1,23,31
PROD001,EMP256,1,24,34
PROD001,EMP256,1,25,19
PROD001,EMP256,1,26,19
PROD001,EMP256,1,27,27
PROD001,EMP256,1,28,28
PROD001,EMP256,1,29,32
PROD001,EMP256,1,30,21
PROD001,EMP256,1,31,24
PROD001,EMP256,1,32,34
PROD001,EMP256,1,33,26
PROD001,EMP256,1,34,38
PROD001,EMP256,1,35,32
PROD001,EMP256,1,36,26
PROD001,EMP256,1,37,22
PROD001,EMP256,1,38,27
PROD001,EMP256,1,39,32
PROD001,EMP256,1,40,37
PROD001,EMP256,1,41,29
PROD001,EMP256,1,42,32
PROD001,EMP256,1,43,27
PROD001,EMP256,1,44,40
PROD001,EMP256,1,45,33
PROD001,EMP256,1,46,29
PROD001,EMP256,1,47,35
PROD001,EMP256,1,48,30
PROD001,EMP256,1,49,29
PROD001,EMP256,1,50,25
PROD001,EMP256,1,51,20
PROD002,EMP256,0,0,23
PROD002,EMP256,0,1,12
PROD002,EMP256,0,2,16
PROD002,EMP256,0,3,22
PROD002,EMP256,0,4,18
PROD002,EMP256,0,5,18
PROD002,EMP256,0,6,17
PROD002,EMP256,0,7,11
PROD002,EMP256,0,8,28
PROD002,EMP256,0,9,10
PROD002,EMP256,0,10,25
PROD002,EMP256,0,11,24
PROD002,EMP256,0,12,22
PROD002,EMP256,0,13,25
PROD002,EMP256,0,14,12
PROD002,EMP256,0,15,17
PROD002,EMP256,0,16,16
PROD002,EMP256,0,17,33
PROD002,EMP256,0,18,20
PROD002,EMP256,0,19,16
PROD002,EMP256,0,20,20
PROD002,EMP256,0,21,20
PROD002,EMP256,0,22,25
PROD002,EMP256,0,23,24
PROD002,EMP256,0,24,32
PROD002,EMP256,0,25,35
PROD002,EMP256,0,26,13
PROD002,EMP256,0,27,12
PROD002,EMP256,0,28,11
PROD002,EMP256,0,29,10
PROD002,EMP256,0,30,11
PROD002,EMP256,0,31,6
PROD002,EMP256,0,32,10
PROD002,EMP256,0,33,18
PROD002,EMP256,0,34,19
PROD002,EMP256,0,35,19
PROD002,EMP256,0,36,13
PROD002,EMP256,0,37,16
PROD002,EMP256,0,38,11
PROD002,EMP256,0,39,13
PROD002,EMP256,0,40,24
PROD002,EMP256,0,41,15
PROD002,EMP256,0,42,18
PROD002,EMP256,0,43,24
PROD002,EMP256,0,44,14
PROD002,EMP256,0,45,18
PROD002,EMP256,0,46,18
PROD002,EMP256,0,47,13
PROD002,EMP256,0,48,23
PROD002,EMP256,0,49,22
PROD002,EMP256,0,50,23
PROD002,EMP256,0,51,31
PROD002,EMP256,1,0,24
PROD002,EMP256,1,1,18
PROD002,EMP256,1,2,15
PROD002,EMP256,1,3,21
PROD002,EMP256,1,4,20
PROD002,EMP256,1,5,19
PROD002,EMP256,1,6,21
PROD002,EMP256,1,7,25
PROD002,EMP256,1,8,21
PROD002,EMP256,1,9,13
PROD002,EMP256,1,10,31
PROD002,EMP256,1,11,20
PROD002,EMP256,1,12,23
PROD002,EMP256,1,13,18
PROD002,EMP256,1,14,16
PROD002,EMP256,1,15,18
PROD002,EMP256,1,16,15
PROD002,EMP256,1,17,25
PROD002,EMP256,1,18,23
PROD002,EMP256,1,19,25
PROD002,EMP256,1,20,26
PROD002,EMP256,1,21,9
PROD002,EMP256,1,22,23
PROD002,EMP256,1,23,23
PROD002,EMP256,1,24,22
PROD002,EMP256,1,25,26
PROD002,EMP256,1,26,15
PROD002,EMP256,1,27,16
PROD002,EMP256,1,28,15
PROD002,EMP256,1,29,20
PROD002,EMP256,1,30,13
PROD002,EMP256,1,31,15
PROD002,EMP256,1,32,16
PROD002,EMP256,1,33,17
PROD002,EMP256,1,34,19
PROD002,EMP256,1,35,13
PROD002,EMP256,1,36,14
PROD002,EMP256,1,37,17
PROD002,EMP256,1,38,17
PROD002,EMP256,1,39,15
PROD002,EMP256,1,40,22
PROD002,EMP256,1,41,14
PROD002,EMP256,1,42,23
PROD002,EMP256,1,43,12
PROD002,EMP256,1,44,13
PROD002,EMP256,1,45,12
PROD002,EMP256,1,46,21
PROD002,EMP256,1,47,19
PROD002,EMP256,1,48,11
PROD002,EMP256,1,49,20
PROD002,EMP256,1,50,20
PROD002,EMP256,1,51,20
PROD003,EMP256,0,0,19
PROD003,EMP256,0,1,20
PROD003,EMP256,0,2,27
PROD003,EMP256,0,3,23
PROD003,EMP256,0,4,19
PROD003,EMP256,0,5,30
PROD003,EMP256,0,6,23
PROD003,EMP256,0,7,23
PROD003,EMP256,0,8,13
PROD003,EMP256,0,9,12
PROD003,EMP256,0,10,14
PROD003,EMP256,0,11,28
PROD003,EMP256,0,12,11
PROD003,EMP256,0,13,15
PROD003,EMP256,0,14,24
PROD003,EMP256,0,15,15
PROD003,EMP256,0,16,25
PROD003,EMP256,0,17,28
PROD003,EMP256,0,18,22
PROD003,EMP256,0,19,17
PROD003,EMP256,0,20,16
PROD003,EMP256,0,21,19
PROD003,EMP256,0,22,21
PROD003,EMP256,0,23,15
PROD003,EMP256,0,24,16
PROD003,EMP256,0,25,18
PROD003,EMP256,0,26,14
PROD003,EMP256,0,27,10
PROD003,EMP256,0,28,14
PROD003,EMP256,0,29,16
PROD003,EMP256,0,30,11
PROD003,EMP256,0,31,16
PROD003,EMP256,0,32,10
PROD003,EMP256,0,33,17
PROD003,EMP256,0,34,17
PROD003,EMP256,0,35,16
PROD003,EMP256,0,36,13
PROD003,EMP256,0,37,22
PROD003,EMP256,0,38,13
PROD003,EMP256,0,39,16
PROD003,EMP256,0,40,14
PROD003,EMP256,0,41,12
PROD003,EMP256,0,42,18
PROD003,EMP256,0,43,22
PROD003,EMP256,0,44,17
PROD003,EMP256,0,45,16
PROD003,EMP256,0,46,21
PROD003,EMP256,0,47,12
PROD003,EMP256,0,48,19
PROD003,EMP256,0,49,16
PROD003,EMP256,0,50,21
PROD003,EMP256,0,51,21
PROD003,EMP256,1,0,19
PROD003,EMP256,1,1,14
PROD003,EMP256,1,2,17
PROD003,EMP256,1,3,27
PROD003,EMP256,1,4,14
PROD003,EMP256,1,5,18
PROD003,EMP256,1,6,18
PROD003,EMP256,1,7,18
PROD003,EMP256,1,8,14
PROD003,EMP256,1,9,18
PROD003,EMP256,1,10,19
PROD003,EMP256,1,11,17
PROD003,EMP256,1,12,28
PROD003,EMP256,1,13,25
PROD003,EMP256,1,14,21
PROD003,EMP256,1,15,16
PROD003,EMP256,1,16,24
PROD003,EMP256,1,17,26
PROD003,EMP256,1,18,14
PROD003,EMP256,1,19,18
PROD003,EMP256,1,20,20
PROD003,EMP256,1,21,25
PROD003,EMP256,1,22,20
PROD003,EMP256,1,23,21
PROD003,EMP256,1,24,17
PROD003,EMP256,1,25,7
PROD003,EMP256,1,26,21
PROD003,EMP256,1,27,19
PROD003,EMP256,1,28,20
PROD003,EMP256,1,29,14
PROD003,EMP256,1,30,20
PROD003,EMP256,1,31,19
PROD003,EMP256,1,32,16
PROD003,EMP256,1,33,12
PROD003,EMP256,1,34,16
PROD003,EMP256,1,35,20
PROD003,EMP256,1,36,25
PROD003,EMP256,1,37,15
PROD003,EMP256,1,38,18
PROD003,EMP256,1,39,18
PROD003,EMP256,1,40,16
PROD003,EMP256,1,41,15
PROD003,EMP256,1,42,19
PROD003,EMP256,1,43,9
PROD003,EMP256,1,44,27
PROD003,EMP256,1,45,14
PROD003,EMP256,1,46,17
PROD003,EMP256,1,47,12
PROD003,EMP256,1,48,16
PROD003,EMP256,1,49,13
PROD003,EMP256,1,50,19
PROD003,EMP256,1,51,7
PROD004,EMP256,0,0,12
PROD004,EMP256,0,1,27
PROD004,EMP256,0,2,18
PROD004,EMP256,0,3,22
PROD004,EMP256,0,4,19
PROD004,EMP256,0,5,19
PROD004,EMP256,0,6,25
PROD004,EMP256,0,7,19
PROD004,EMP256,0,8,8
PROD004,EMP256,0,9,15
PROD004,EMP256,0,10,15
PROD004,EMP256,0,11,18
PROD004,EMP256,0,12,15
PROD004,EMP256,0,13,22
PROD004,EMP256,0,14,18
PROD004,EMP256,0,15,16
PROD004,EMP256,0,16,19
PROD004,EMP256,0,17,21
PROD004,EMP256,0,18,18
PROD004,EMP256,0,19,14
PROD004,EMP256,0,20,20
PROD004,EMP256,0,21,15
PROD004,EMP256,0,22,15
PROD004,EMP256,0,23,10
PROD004,EMP256,0,24,22
PROD004,EMP256,0,25,13
PROD004,EMP256,0,26,11
PROD004,EMP256,0,27,20
PROD004,EMP256,0,28,20
PROD004,EMP256,0,29,12
PROD004,EMP256,0,30,10
PROD004,EMP256,0,31,9
PROD004,EMP256,0,32,8
PROD004,EMP256,0,33,12
PROD004,EMP256,0,34,24
PROD004,EMP256,0,35,23
PROD004,EMP256,0,36,11
PROD004,EMP256,0,37,12
PROD004,EMP256,0,38,18
PROD004,EMP256,0,39,8
PROD004,EMP256,0,40,19
PROD004,EMP256,0,41,18
PROD004,EMP256,0,42,18
PROD004,EMP256,0,43,13
PROD004,EMP256,0,44,19
PROD004,EMP256,0,45,13
PROD004,EMP256,0,46,12
PROD004,EMP256,0,47,9
PROD004,EMP256,0,48,20
PROD004,EMP256,0,49,20
PROD004,EMP256,0,50,10
PROD004,EMP256,0,51,10
PROD004,EMP256,1,0,6
PROD004,EMP256,1,1,13
PROD004,EMP256,1,2,16
PROD004,EMP256,1,3,9
PROD004,EMP256,1,4,18
PROD004,EMP256,1,5,16
PROD004,EMP256,1,6,16
PROD004,EMP256,1,7,12
PROD004,EMP256,1,8,22
PROD004,EMP256,1,9,15
PROD004,EMP256,1,10,18
PROD004,EMP256,1,11,16
PROD004,EMP256,1,12,15
PROD004,EMP256,1,13,15
PROD004,EMP256,1,14,12
PROD004,EMP256,1,15,18
PROD004,EMP256,1,16,19
PROD004,EMP256,1,17,32
PROD004,EMP256,1,18,18
PROD004,EMP256,1,19,27
PROD004,EMP256,1,20,25
PROD004,EMP256,1,21,23
PROD004,EMP256,1,22,19
PROD004,EMP256,1,23,20
PROD004,EMP256,1,24,27
PROD004,EMP256,1,25,21
PROD004,EMP256,1,26,8
PROD004,EMP256,1,27,11
PROD004,EMP256,1,28,9
PROD004,EMP256,1,29,12
PROD004,EMP256,1,30,11
PROD004,EMP256,1,31,11
PROD004,EMP256,1,32,8
PROD004,EMP256,1,33,17
PROD004,EMP256,1,34,20
PROD004,EMP256,1,35,6
PROD004,EMP256,1,36,10
PROD004,EMP256,1,37,16
PROD004,EMP256,1,38,16
PROD004,EMP256,1,39,13
PROD004,EMP256,1,40,10
PROD004,EMP256,1,41,19
PROD004,EMP256,1,42,17
PROD004,EMP256,1,43,14
PROD004,EMP256,1,44,13
PROD004,EMP256,1,45,19
PROD004,EMP256,1,46,19
PROD004,EMP256,1,47,20
PROD004,EMP256,1,48,22
PROD004,EMP256,1,49,22
PROD004,EMP256,1,50,18
PROD004,EMP256,1,51,31
PROD005,EMP256,0,0,15
PROD005,EMP256,0,1,12
PROD005,EMP256,0,2,7
PROD005,EMP256,0,3,16
PROD005,EMP256,0,4,18
PROD005,EMP256,0,5,9
PROD005,EMP256,0,6,15
PROD005,EMP256,0,7,13
PROD005,EMP256,0,8,17
PROD005,EMP256,0,9,22
PROD005,EMP256,0,10,12
PROD005,EMP256,0,11,4
PROD005,EMP256,0,12,14
PROD005,EMP256,0,13,22
PROD005,EMP256,0,14,15
PROD005,EMP256,0,15,15
PROD005,EMP256,0,16,12
PROD005,EMP256,0,17,9
PROD005,EMP256,0,18,13
PROD005,EMP256,0,19,12
PROD005,EMP256,0,20,12
PROD005,EMP256,0,21,10
PROD005,EMP256,0,22,13
PROD005,EMP256,0,23,13
PROD005,EMP256,0,24,27
PROD005,EMP256,0,25,19
PROD005,EMP256,0,26,11
PROD005,EMP256,0,27,4
PROD005,EMP256,0,28,8
PROD005,EMP256,0,29,14
PROD005,EMP256,0,30,16
PROD005,EMP256,0,31,11
PROD005,EMP256,0,32,13
PROD005,EMP256,0,33,10
PROD005,EMP256,0,34,14
PROD005,EMP256,0,35,12
PROD005,EMP256,0,36,4
PROD005,EMP256,0,37,17
PROD005,EMP256,0,38,15
PROD005,EMP256,0,39,11
PROD005,EMP256,0,40,13
PROD005,EMP256,0,41,8
PROD005,EMP256,0,42,7
PROD005,EMP256,0,43,13
PROD005,EMP256,0,44,11
PROD005,EMP256,0,45,9
PROD005,EMP256,0,46,12
PROD005,EMP256,0,47,10
PROD005,EMP256,0,48,17
PROD005,EMP256,0,49,12
PROD005,EMP256,0,50,24
PROD005,EMP256,0,51,25
PROD005,EMP256,1,0,15
PROD005,EMP256,1,1,11
PROD005,EMP256,1,2,26
PROD005,EMP256,1,3,15
PROD005,EMP256,1,4,13
PROD005,EMP256,1,5,11
PROD005,EMP256,1,6,12
PROD005,EMP256,1,7,10
PROD005,EMP256,1,8,14
PROD005,EMP256,1,9,11
PROD005,EMP256,1,10,18
PROD005,EMP256,1,11,23
PROD005,EMP256,1,12,22
PROD005,EMP256,1,13,16
PROD005,EMP256,1,14,6
PROD005,EMP256,1,15,16
PROD005,EMP256,1,16,20
PROD005,EMP256,1,17,32
PROD005,EMP256,1,18,8
PROD005,EMP256,1,19,24
PROD005,EMP256,1,20,15
PROD005,EMP256,1,21,13
PROD005,EMP256,1,22,30
PROD005,EMP256,1,23,20
PROD005,EMP256,1,24,24
PROD005,EMP256,1,25,17
PROD005,EMP256,1,26,10
PROD005,EMP256,1,27,18
PROD005,EMP256,1,28,15
PROD005,EMP256,1,29,10
PROD005,EMP256,1,30,11
PROD005,EMP256,1,31,9
PROD005,EMP256,1,32,14
PROD005,EMP256,1,33,12
PROD005,EMP256,1,34,7
PROD005,EMP256,1,35,7
PROD005,EMP256,1,36,16
PROD005,EMP256,1,37,12
PROD005,EMP256,1,38,15
PROD005,EMP256,1,39,6
PROD005,EMP256,1,40,14
PROD005,EMP256,1,41,11
PROD005,EMP256,1,42,14
PROD005,EMP256,1,43,18
PROD005,EMP256,1,44,11
PROD005,EMP256,1,45,11
PROD005,EMP256,1,46,11
PROD005,EMP256,1,47,13
PROD005,EMP256,1,48,14
PROD005,EMP256,1,49,16
PROD005,EMP256,1,50,20
PROD005,EMP256,1,51,29
PROD006,EMP256,0,0,10
PROD006,EMP256,0,1,6
PROD006,EMP256,0,2,6
PROD006,EMP256,0,3,15
PROD006,EMP256,0,4,10
PROD006,EMP256,0,5,14
PROD006,EMP256,0,6,10
PROD006,EMP256,0,7,9
PROD006,EMP256,0,8,12
PROD006,EMP256,0,9,12
PROD006,EMP256,0,10,11
PROD006,EMP256,0,11,13
PROD006,EMP256,0,12,19
PROD006,EMP256,0,13,11
PROD006,EMP256,0,14,16
PROD006,EMP256,0,15,16
PROD006,EMP256,0,16,14
PROD006,EMP256,0,17,14
PROD006,EMP256,0,18,14
PROD006,EMP256,0,19,21
PROD006,EMP256,0,20,11
PROD006,EMP256,0,21,11
PROD006,EMP256,0,22,17
PROD006,EMP256,0,23,18
PROD006,EMP256,0,24,16
PROD006,EMP256,0,25,25
PROD006,EMP256,0,26,8
PROD006,EMP256,0,27,8
PROD006,EMP256,0,28,9
PROD006,EMP256,0,29,2
PROD006,EMP256,0,30,6
PROD006,EMP256,0,31,7
PROD006,EMP256,0,32,10
PROD006,EMP256,0,33,9
PROD006,EMP256,0,34,9
PROD006,EMP256,0,35,5
PROD006,EMP256,0,36,8
PROD006,EMP256,0,37,16
PROD006,EMP256,0,38,15
PROD006,EMP256,0,39,13
PROD006,EMP256,0,40,7
PROD006,EMP256,0,41,8
PROD006,EMP256,0,42,12
PROD006,EMP256,0,43,14
PROD006,EMP256,0,44,12
PROD006,EMP256,0,45,12
PROD006,EMP256,0,46,12
PROD006,EMP256,0,47,13
PROD006,EMP256,0,48,14
PROD006,EMP256,0,49,16
PROD006,EMP256,0,50,19
PROD006,EMP256,0,51,21
PROD006,EMP256,1,0,7
PROD006,EMP256,1,1,11
PROD006,EMP256,1,2,6
PROD006,EMP256,1,3,12
PROD006,EMP256,1,4,15
PROD006,EMP256,1,5,11
PROD006,EMP256,1,6,10
PROD006,EMP256,1,7,15
PROD006,EMP256,1,8,12
PROD006,EMP256,1,9,7
PROD006,EMP256,1,10,10
PROD006,EMP256,1,11,12
PROD006,EMP256,1,12,12
PROD006,EMP256,1,13,12
PROD006,EMP256,1,14,7
PROD006,EMP256,1,15,13
PROD006,EMP256,1,16,15
PROD006,EMP256,1,17,16
PROD006,EMP256,1,18,19
PROD006,EMP256,1,19,17
PROD006,EMP256,1,20,9
PROD006,EMP256,1,21,16
PROD006,EMP256,1,22,18
PROD006,EMP256,1,23,14
PROD006,EMP256,1,24,22
PROD006,EMP256,1,25,25
PROD006,EMP256,1,26,12
PROD006,EMP256,1,27,4
PROD006,EMP256,1,28,5
PROD006,EMP256,1,29,11
PROD006,EMP256,1,30,10
PROD006,EMP256,1,31,19
PROD006,EMP256,1,32,10
PROD006,EMP256,1,33,10
PROD006,EMP256,1,34,9
PROD006,EMP256,1,35,11
PROD006,EMP256,1,36,8
PROD006,EMP256,1,37,12
PROD006,EMP256,1,38,6
PROD006,EMP256,1,39,15
PROD006,EMP256,1,40,6
PROD006,EMP256,1,41,12
PROD006,EMP256,1,42,20
PROD006,EMP256,1,43,11
PROD006,EMP256,1,44,15
PROD006,EMP256,1,45,14
PROD006,EMP256,1,46,7
PROD006,EMP256,1,47,11
PROD006,EMP256,1,48,15
PROD006,EMP256,1,49,16
PROD006,EMP256,1,50,14
PROD006,EMP256,1,51,14
PROD007,EMP256,0,0,15
PROD007,EMP256,0,1,12
PROD007,EMP256,0,2,11
PROD007,EMP256,0,3,17
PROD007,EMP256,0,4,10
PROD007,EMP256,0,5,18
PROD007,EMP256,0,6,11
PROD007,EMP256,0,7,16
PROD007,EMP256,0,8,8
PROD007,EMP256,0,9,6
PROD007,EMP256,0,10,11
PROD007,EMP256,0,11,10
PROD007,EMP256,0,12,18
PROD007,EMP256,0,13,10
PROD007,EMP256,0,14,14
PROD007,EMP256,0,15,13
PROD007,EMP256,0,16,13
PROD007,EMP256,0,17,12
PROD007,EMP256,0,18,14
PROD007,EMP256,0,19,10
PROD007,EMP256,0,20,10
PROD007,EMP256,0,21,11
PROD007,EMP256,0,22,14
PROD007,EMP256,0,23,11
PROD007,EMP256,0,24,10
PROD007,EMP256,0,25,17
PROD007,EMP256,0,26,8
PROD007,EMP256,0,27,13
PROD007,EMP256,0,28,6
PROD007,EMP256,0,29,16
PROD007,EMP256,0,30,9
PROD007,EMP256,0,31,4
PROD007,EMP256,0,32,12
PROD007,EMP256,0,33,10
PROD007,EMP256,0,34,19
PROD007,EMP256,0,35,9
PROD007,EMP256,0,36,7
PROD007,EMP256,0,37,5
PROD007,EMP256,0,38,10
PROD007,EMP256,0,39,8
PROD007,EMP256,0,40,11
PROD007,EMP256,0,41,5
PROD007,EMP256,0,42,11
PROD007,EMP256,0,43,13
PROD007,EMP256,0,44,11
PROD007,EMP256,0,45,11
PROD007,EMP256,0,46,11
PROD007,EMP256,0,47,14
PROD007,EMP256,0,48,15
PROD007,EMP256,0,49,16
PROD007,EMP256,0,50,17
PROD007,EMP256,0,51,11
PROD007,EMP256,1,0,14
PROD007,EMP256,1,1,12
PROD007,EMP256,1,2,9
PROD007,EMP256,1,3,11
PROD007,EMP256,1,4,13
PROD007,EMP256,1,5,12
PROD007,EMP256,1,6,8
PROD007,EMP256,1,7,12
PROD007,EMP256,1,8,13
PROD007,EMP256,1,9,10
PROD007,EMP256,1,10,10
PROD007,EMP256,1,11,17
PROD007,EMP256,1,12,14
PROD007,EMP256,1,13,14
PROD007,EMP256,1,14,25
PROD007,EMP256,1,15,18
PROD007,EMP256,1,16,13
PROD007,EMP256,1,17,22
PROD007,EMP256,1,18,12
PROD007,EMP256,1,19,21
PROD007,EMP256,1,20,15
PROD007,EMP256,1,21,17
PROD007,EMP256,1,22,11
PROD007,EMP256,1,23,15
PROD007,EMP256,1,24,12
PROD007,EMP256,1,25,17
PROD007,EMP256,1,26,11
PROD007,EMP256,1,27,5
PROD007,EMP256,1,28,7
PROD007,EMP256,1,29,7
PROD007,EMP256,1,30,8
PROD007,EMP256,1,31,9
PROD007,EMP256,1,32,5
PROD007,EMP256,1,33,11
PROD007,EMP256,1,34,9
PROD007,EMP256,1,35,8
PROD007,EMP256,1,36,13
PROD007,EMP256,1,37,12
PROD007,EMP256,1,38,7
PROD007,EMP256,1,39,8
PROD007,EMP256,1,40,12
PROD007,EMP256,1,41,7
PROD007,EMP256,1,42,14
PROD007,EMP256,1,43,6
PROD007,EMP256,1,44,3
PROD007,EMP256,1,45,9
PROD007,EMP256,1,46,15
PROD007,EMP256,1,47,8
PROD007,EMP256,1,48,11
PROD007,EMP256,1,49,13
PROD007,EMP256,1,50,12
PROD007,EMP256,1,51,18
PROD008,EMP256,0,0,13
PROD008,EMP256,0,1,6
PROD008,EMP256,0,2,7
PROD008,EMP256,0,3,9
PROD008,EMP256,0,4,9
PROD008,EMP256,0,5,15
PROD008,EMP256,0,6,13
PROD008,EMP256,0,7,6
PROD008,EMP256,0,8,7
PROD008,EMP256,0,9,10
PROD008,EMP256,0,10,9
PROD008,EMP256,0,11,12
PROD008,EMP256,0,12,11
PROD008,EMP256,0,13,10
PROD008,EMP256,0,14,12
PROD008,EMP256,0,15,14
PROD008,EMP256,0,16,10
PROD008,EMP256,0,17,19
PROD008,EMP256,0,18,11
PROD008,EMP256,0,19,10
PROD008,EMP256,0,20,8
PROD008,EMP256,0,21,17
PROD008,EMP256,0,22,11
PROD008,EMP256,0,23,15
PROD008,EMP256,0,24,29
PROD008,EMP256,0,25,13
PROD008,EMP256,0,26,5
PROD008,EMP256,0,27,8
PROD008,EMP256,0,28,10
PROD008,EMP256,0,29,6
PROD008,EMP256,0,30,8
PROD008,EMP256,0,31,7
PROD008,EMP256,0,32,9
PROD008,EMP256,0,33,11
PROD008,EMP256,0,34,5
PROD008,EMP256,0,35,6
PROD008,EMP256,0,36,8
PROD008,EMP256,0,37,12
PROD008,EMP256,0,38,9
PROD008,EMP256,0,39,12
PROD008,EMP256,0,40,9
PROD008,EMP256,0,41,8
PROD008,EMP256,0,42,10
PROD008,EMP256,0,43,16
PROD008,EMP256,0,44,11
PROD008,EMP256,0,45,8
PROD008,EMP256,0,46,17
PROD008,EMP256,0,47,16
PROD008,EMP256,0,48,8
PROD008,EMP256,0,49,10
PROD008,EMP256,0,50,23
PROD008,EMP256,0,51,21
PROD008,EMP256,1,0,15
PROD008,EMP256,1,1,12
PROD008,EMP256,1,2,9
PROD008,EMP256,1,3,12
PROD008,EMP256,1,4,14
PROD008,EMP256,1,5,14
PROD008,EMP256,1,6,17
PROD008,EMP256,1,7,14
PROD008,EMP256,1,8,10
PROD008,EMP256,1,9,11
PROD008,EMP256,1,10,19
PROD008,EMP256,1,11,12
PROD008,EMP256,1,12,6
PROD008,EMP256,1,13,12
PROD008,EMP256,1,14,14
PROD008,EMP256,1,15,11
PROD008,EMP256,1,16,9
PROD008,EMP256,1,17,11
PROD008,EMP256,1,18,19
PROD008,EMP256,1,19,15
PROD008,EMP256,1,20,18
PROD008,EMP256,1,21,13
PROD008,EMP256,1,22,17
PROD008,EMP256,1,23,9
PROD008,EMP256,1,24,12
PROD008,EMP256,1,25,12
PROD008,EMP256,1,26,10
PROD008,EMP256,1,27,9
PROD008,EMP256,1,28,13
PROD008,EMP256,1,29,13
PROD008,EMP256,1,30,7
PROD008,EMP256,1,31,11
PROD008,EMP256,1,32,4
PROD008,EMP256,1,33,10
PROD008,EMP256,1,34,10
PROD008,EMP256,1,35,15
PROD008,EMP256,1,36,12
PROD008,EMP256,1,37,9
PROD008,EMP256,1,38,4
PROD008,EMP256,1,39,10
PROD008,EMP256,1,40,8
PROD008,EMP256,1,41,5
PROD008,EMP256,1,42,10
PROD008,EMP256,1,43,8
PROD008,EMP256,1,44,11
PROD008,EMP256,1,45,6
PROD008,EMP256,1,46,8
PROD008,EMP256,1,47,18
PROD008,EMP256,1,48,7
PROD008,EMP256,1,49,10
PROD008,EMP256,1,50,10
PROD008,EMP256,1,51,14
PROD001,EMP267,0,0,32
PROD001,EMP267,0,1,48
PROD001,EMP267,0,2,44
PROD001,EMP267,0,3,40
PROD001,EMP267,0,4,31
PROD001,EMP267,0,5,40
PROD001,EMP267,0,6,30
PROD001,EMP267,0,7,45
PROD001,EMP267,0,8,40
PROD001,EMP267,0,9,29
PROD001,EMP267,0,10,45
PROD001,EMP267,0,11,32
PROD001,EMP267,0,12,37
PROD001,EMP267,0,13,36
PROD001,EMP267,0,14,43
PROD001,EMP267,0,15,36
PROD001,EMP267,0,16,34
PROD001,EMP267,0,17,42
PROD001,EMP267,0,18,50
PROD001,EMP267,0,19,36
PROD001,EMP267,0,20,44
PROD001,EMP267,0,21,31
PROD001,EMP267,0,22,50
PROD001,EMP267,0,23,35
PROD001,EMP267,0,24,26
PROD001,EMP267,0,25,27
PROD001,EMP267,0,26,23
PROD001,EMP267,0,27,32
PROD001,EMP267,0,28,37
PROD001,EMP267,0,29,19
PROD001,EMP267,0,30,40
PROD001,EMP267,0,31,34
PROD001,EMP267,0,32,29
PROD001,EMP267,0,33,38
PROD001,EMP267,0,34,42
PROD001,EMP267,0,35,35
PROD001,EMP267,0,36,28
PROD001,EMP267,0,37,29
PROD001,EMP267,0,38,32
PROD001,EMP267,0,39,29
PROD001,EMP267,0,40,26
PROD001,EMP267,0,41,23
PROD001,EMP267,0,42,32
PROD001,EMP267,0,43,33
PROD001,EMP267,0,44,30
PROD001,EMP267,0,45,44
PROD001,EMP267,0,46,47
PROD001,EMP267,0,47,37
PROD001,EMP267,0,48,18
PROD001,EMP267,0,49,36
PROD001,EMP267,0,50,23
PROD001,EMP267,0,51,25
PROD001,EMP267,1,0,34
PROD001,EMP267,1,1,37
PROD001,EMP267,1,2,26
PROD001,EMP267,1,3,27
PROD001,EMP267,1,4,49
PROD001,EMP267,1,5,48
PROD001,EMP267,1,6,36
PROD001,EMP267,1,7,34
PROD001,EMP267,1,8,28
PROD001,EMP267,1,9,41
PROD001,EMP267,1,10,41
PROD001,EMP267,1,11,35
PROD001,EMP267,1,12,29
PROD001,EMP267,1,13,42
PROD001,EMP267,1,14,41
PROD001,EMP267,1,15,31
PROD001,EMP267,1,16,38
PROD001,EMP267,1,17,27
PROD001,EMP267,1,18,36
PROD001,EMP267,1,19,36
PROD001,EMP267,1,20,39
PROD001,EMP267,1,21,42
PROD001,EMP267,1,22,35
PROD001,EMP267,1,23,38
PROD001,EMP267,1,24,35
PROD001,EMP267,1,25,24
PROD001,EMP267,1,26,32
PROD001,EMP267,1,27,32
PROD001,EMP267,1,28,41
PROD001,EMP267,1,29,33
PROD001,EMP267,1,30,32
PROD001,EMP267,1,31,29
PROD001,EMP267,1,32,45
PROD001,EMP267,1,33,26
PROD001,EMP267,1,34,26
PROD001,EMP267,1,35,35
PROD001,EMP267,1,36,34
PROD001,EMP267,1,37,40
PROD001,EMP267,1,38,33
PROD001,EMP267,1,39,42
PROD001,EMP267,1,40,35
PROD001,EMP267,1,41,37
PROD001,EMP267,1,42,43
PROD001,EMP267,1,43,33
PROD001,EMP267,1,44,28
PROD001,EMP267,1,45,25
PROD001,EMP267,1,46,31
PROD001,EMP267,1,47,44
PROD001,EMP267,1,48,24
PROD001,EMP267,1,49,25
PROD001,EMP267,1,50,43
PROD001,EMP267,1,51,28
PROD002,EMP267,0,0,31
PROD002,EMP267,0,1,21
PROD002,EMP267,0,2,28
PROD002,EMP267,0,3,39
PROD002,EMP267,0,4,53
PROD002,EMP267,0,5,39
PROD002,EMP267,0,6,25
PROD002,EMP267,0,7,31
PROD002,EMP267,0,8,43
PROD002,EMP267,0,9,40
PROD002,EMP267,0,10,41
PROD002,EMP267,0,11,43
PROD002,EMP267,0,12,47
PROD002,EMP267,0,13,35
PROD002,EMP267,0,14,36
PROD002,EMP267,0,15,34
PROD002,EMP267,0,16,35
PROD002,EMP267,0,17,40
PROD002,EMP267,0,18,54
PROD002,EMP267,0,19,38
PROD002,EMP267,0,20,34
PROD002,EMP267,0,21,34
PROD002,EMP267,0,22,30
PROD002,EMP267,0,23,44
PROD002,EMP267,0,24,33
PROD002,EMP267,0,25,28
PROD002,EMP267,0,26,22
PROD002,EMP267,0,27,24
PROD002,EMP267,0,28,31
PROD002,EMP267,0,29,21
PROD002,EMP267,0,30,41
PROD002,EMP267,0,31,26
PROD002,EMP267,0,32,30
PROD002,EMP267,0,33,44
PROD002,EMP267,0,34,30
PROD002,EMP267,0,35,20
PROD002,EMP267,0,36,28
PROD002,EMP267,0,37,23
PROD002,EMP267,0,38,42
PROD002,EMP267,0,39,21
PROD002,EMP267,0,40,30
PROD002,EMP267,0,41,30
PROD002,EMP267,0,42,45
PROD002,EMP267,0,43,34
PROD002,EMP267,0,44,28
PROD002,EMP267,0,45,37
PROD002,EMP267,0,46,40
PROD002,EMP267,0,47,30
PROD002,EMP267,0,48,33
PROD002,EMP267,0,49,32
PROD002,EMP267,0,50,33
PROD002,EMP267,0,51,25
PROD002,EMP267,1,0,19
PROD002,EMP267,1,1,53
PROD002,EMP267,1,2,43
PROD002,EMP267,1,3,41
PROD002,EMP267,1,4,39
PROD002,EMP267,1,5,46
PROD002,EMP267,1,6,45
PROD002,EMP267,1,7,31
PROD002,EMP267,1,8,50
PROD002,EMP267,1,9,46
PROD002,EMP267,1,10,39
PROD002,EMP267,1,11,35
PROD002,EMP267,1,12,38
PROD002,EMP267,1,13,29
PROD002,EMP267,1,14,37
PROD002,EMP267,1,15,28
PROD002,EMP267,1,16,32
PROD002,EMP267,1,17,46
PROD002,EMP267,1,18,49
PROD002,EMP267,1,19,28
PROD002,EMP267,1,20,43
PROD002,EMP267,1,21,42
PROD002,EMP267,1,22,46
PROD002,EMP267,1,23,29
PROD002,EMP267,1,24,35
PROD002,EMP267,1,25,20
PROD002,EMP267,1,26,46
PROD002,EMP267,1,27,27
PROD002,EMP267,1,28,29
PROD002,EMP267,1,29,32
PROD002,EMP267,1,30,16
PROD002,EMP267,1,31,37
PROD002,EMP267,1,32,29
PROD002,EMP267,1,33,27
PROD002,EMP267,1,34,36
PROD002,EMP267,1,35,26
PROD002,EMP267,1,36,30
PROD002,EMP267,1,37,37
PROD002,EMP267,1,38,30
PROD002,EMP267,1,39,31
PROD002,EMP267,1,40,25
PROD002,EMP267,1,41,36
PROD002,EMP267,1,42,35
PROD002,EMP267,1,43,32
PROD002,EMP267,1,44,22
PROD002,EMP267,1,45,36
PROD002,EMP267,1,46,30
PROD002,EMP267,1,47,26
PROD002,EMP267,1,48,31
PROD002,EMP267,1,49,29
PROD002,EMP267,1,50,26
PROD002,EMP267,1,51,15
PROD003,EMP267,0,0,21
PROD003,EMP267,0,1,36
PROD003,EMP267,0,2,44
PROD003,EMP267,0,3,47
PROD003,EMP267,0,4,26
PROD003,EMP267,0,5,33
PROD003,EMP267,0,6,30
PROD003,EMP267,0,7,27
PROD003,EMP267,0,8,37
PROD003,EMP267,0,9,34
PROD003,EMP267,0,10,41
PROD003,EMP267,0,11,45
PROD003,EMP267,0,12,41
PROD003,EMP267,0,13,36
PROD003,EMP267,0,14,37
PROD003,EMP267,0,15,43
PROD003,EMP267,0,16,44
PROD003,EMP267,0,17,44
PROD003,EMP267,0,18,35
PROD003,EMP267,0,19,33
PROD003,EMP267,0,20,52
PROD003,EMP267,0,21,40
PROD003,EMP267,0,22,48
PROD003,EMP267,0,23,30
PROD003,EMP267,0,24,36
PROD003,EMP267,0,25,23
PROD003,EMP267,0,26,28
PROD003,EMP267,0,27,22
PROD003,EMP267,0,28,39
PROD003,EMP267,0,29,35
PROD003,EMP267,0,30,17
PROD003,EMP267,0,31,40
PROD003,EMP267,0,32,43
PROD003,EMP267,0,33,36
PROD003,EMP267,0,34,37
PROD003,EMP267,0,35,46
PROD003,EMP267,0,36,30
PROD003,EMP267,0,37,35
PROD003,EMP267,0,38,39
PROD003,EMP267,0,39,38
PROD003,EMP267,0,40,36
PROD003,EMP267,0,41,28
PROD003,EMP267,0,42,29
PROD003,EMP267,0,43,29
PROD003,EMP267,0,44,35
PROD003,EMP267,0,45,41
PROD003,EMP267,0,46,30
PROD003,EMP267,0,47,31
PROD003,EMP267,0,48,35
PROD003,EMP267,0,49,38
PROD003,EMP267,0,50,30
PROD003,EMP267,0,51,22
PROD003,EMP267,1,0,32
PROD003,EMP267,1,1,41
PROD003,EMP267,1,2,50
PROD003,EMP267,1,3,35
PROD003,EMP267,1,4,36
PROD003,EMP267,1,5,35
PROD003,EMP267,1,6,41
PROD003,EMP267,1,7,33
PROD003,EMP267,1,8,32
PROD003,EMP267,1,9,34
PROD003,EMP267,1,10,38
PROD003,EMP267,1,11,29
PROD003,EMP267,1,12,42
PROD003,EMP267,1,13,52
PROD003,EMP267,1,14,57
PROD003,EMP267,1,15,31
PROD003,EMP267,1,16,34
PROD003,EMP267,1,17,24
PROD003,EMP267,1,18,30
PROD003,EMP267,1,19,38
PROD003,EMP267,1,20,42
PROD003,EMP267,1,21,39
PROD003,EMP267,1,22,50
PROD003,EMP267,1,23,30
PROD003,EMP267,1,24,26
PROD003,EMP267,1,25,36
PROD003,EMP267,1,26,37
PROD003,EMP267,1,27,25
PROD003,EMP267,1,28,31
PROD003,EMP267,1,29,22
PROD003,EMP267,1,30,19
PROD003,EMP267,1,31,40
PROD003,EMP267,1,32,43
PROD003,EMP267,1,33,19
PROD003,EMP267,1,34,33
PROD003,EMP267,1,35,38
PROD003,EMP267,1,36,55
PROD003,EMP267,1,37,33
PROD003,EMP267,1,38,43
PROD003,EMP267,1,39,39
PROD003,EMP267,1,40,29
PROD003,EMP267,1,41,45
PROD003,EMP267,1,42,25
PROD003,EMP267,1,43,32
PROD003,EMP267,1,44,37
PROD003,EMP267,1,45,33
PROD003,EMP267,1,46,35
PROD003,EMP267,1,47,31
PROD003,EMP267,1,48,45
PROD003,EMP267,1,49,32
PROD003,EMP267,1,50,27
PROD003,EMP267,1,51,26
PROD004,EMP267,0,0,37
PROD004,EMP267,0,1,28
PROD004,EMP267,0,2,42
PROD004,EMP267,0,3,38
PROD004,EMP267,0,4,37
PROD004,EMP267,0,5,35
PROD004,EMP267,0,6,42
PROD004,EMP267,0,7,36
PROD004,EMP267,0,8,30
PROD004,EMP267,0,9,48
PROD004,EMP267,0,10,28
PROD004,EMP267,0,11,39
PROD004,EMP267,0,12,32
PROD004,EMP267,0,13,44
PROD004,EMP267,0,14,36
PROD004,EMP267,0,15,41
PROD004,EMP267,0,16,35
PROD004,EMP267,0,17,39
PROD004,EMP267,0,18,39
PROD004,EMP267,0,19,48
PROD004,EMP267,0,20,32
PROD004,EMP267,0,21,39
PROD004,EMP267,0,22,35
PROD004,EMP267,0,23,39
PROD004,EMP267,0,24,31
PROD004,EMP267,0,25,35
PROD004,EMP267,0,26,31
PROD004,EMP267,0,27,26
PROD004,EMP267,0,28,29
PROD004,EMP267,0,29,36
PROD004,EMP267,0,30,37
PROD004,EMP267,0,31,27
PROD004,EMP267,0,32,26
PROD004,EMP267,0,33,26
PROD004,EMP267,0,34,33
PROD004,EMP267,0,35,39
PROD004,EMP267,0,36,42
PROD004,EMP267,0,37,28
PROD004,EMP267,0,38,21
PROD004,EMP267,0,39,37
PROD004,EMP267,0,40,32
PROD004,EMP267,0,41,36
PROD004,EMP267,0,42,25
PROD004,EMP267,0,43,49
PROD004,EMP267,0,44,36
PROD004,EMP267,0,45,27
PROD004,EMP267,0,46,33
PROD004,EMP267,0,47,41
PROD004,EMP267,0,48,37
PROD004,EMP267,0,49,22
PROD004,EMP267,0,50,33
PROD004,EMP267,0,51,23
PROD004,EMP267,1,0,31
PROD004,EMP267,1,1,35
PROD004,EMP267,1,2,36
PROD004,EMP267,1,3,44
PROD004,EMP267,1,4,36
PROD004,EMP267,1,5,38
PROD004,EMP267,1,6,36
PROD004,EMP267,1,7,39
PROD004,EMP267,1,8,47
PROD004,EMP267,1,9,39
PROD004,EMP267,1,10,24
PROD004,EMP267,1,11,29
PROD004,EMP267,1,12,46
PROD004,EMP267,1,13,38
PROD004,EMP267,1,14,34
PROD004,EMP267,1,15,26
PROD004,EMP267,1,16,36
PROD004,EMP267,1,17,41
PROD004,EMP267,1,18,57
PROD004,EMP267,1,19,42
PROD004,EMP267,1,20,46
PROD004,EMP267,1,21,31
PROD004,EMP267,1,22,37
PROD004,EMP267,1,23,40
PROD004,EMP267,1,24,27
PROD004,EMP267,1,25,32
PROD004,EMP267,1,26,23
PROD004,EMP267,1,27,28
PROD004,EMP267,1,28,30
PROD004,EMP267,1,29,28
PROD004,EMP267,1,30,31
PROD004,EMP267,1,31,47
PROD004,EMP267,1,32,30
PROD004,EMP267,1,33,30
PROD004,EMP267,1,34,41
PROD004,EMP267,1,35,25
PROD004,EMP267,1,36,22
PROD004,EMP267,1,37,32
PROD004,EMP267,1,38,29
PROD004,EMP267,1,39,32
PROD004,EMP267,1,40,32
PROD004,EMP267,1,41,42
PROD004,EMP267,1,42,30
PROD004,EMP267,1,43,35
PROD004,EMP267,1,44,32
PROD004,EMP267,1,45,28
PROD004,EMP267,1,46,30
PROD004,EMP267,1,47,41
PROD004,EMP267,1,48,40
PROD004,EMP267,1,49,39
PROD004,EMP267,1,50,38
PROD004,EMP267,1,51,21
PROD005,EMP267,0,0,32
PROD005,EMP267,0,1,34
PROD005,EMP267,0,2,38
PROD005,EMP267,0,3,41
PROD005,EMP267,0,4,24
PROD005,EMP267,0,5,29
PROD005,EMP267,0,6,34
PROD005,EMP267,0,7,47
PROD005,EMP267,0,8,41
PROD005,EMP267,0,9,42
PROD005,EMP267,0,10,28
PROD005,EMP267,0,11,35
PROD005,EMP267,0,12,26
PROD005,EMP267,0,13,32
PROD005,EMP267,0,14,36
PROD005,EMP267,0,15,41
PROD005,EMP267,0,16,35
PROD005,EMP267,0,17,30
PROD005,EMP267,0,18,47
PROD005,EMP267,0,19,20
PROD005,EMP267,0,20,28
PROD005,EMP267,0,21,48
PROD005,EMP267,0,22,43
PROD005,EMP267,0,23,43
PROD005,EMP267,0,24,42
PROD005,EMP267,0,25,27
PROD005,EMP267,0,26,21
PROD005,EMP267,0,27,24
PROD005,EMP267,0,28,25
PROD005,EMP267,0,29,40
PROD005,EMP267,0,30,38
PROD005,EMP267,0,31,31
PROD005,EMP267,0,32,29
PROD005,EMP267,0,33,29
PROD005,EMP267,0,34,33
PROD005,EMP267,0,35,35
PROD005,EMP267,0,36,33
PROD005,EMP267,0,37,27
PROD005,EMP267,0,38,28
PROD005,EMP267,0,39,25
PROD005,EMP267,0,40,35
PROD005,EMP267,0,41,29
PROD005,EMP267,0,42,33
PROD005,EMP267,0,43,31
PROD005,EMP267,0,44,28
PROD005,EMP267,0,45,34
PROD005,EMP267,0,46,38
PROD005,EMP267,0,47,38
PROD005,EMP267,0,48,31
PROD005,EMP267,0,49,38
PROD005,EMP267,0,50,31
PROD005,EMP267,0,51,31
PROD005,EMP267,1,0,26
PROD005,EMP267,1,1,43
PROD005,EMP267,1,2,46
PROD005,EMP267,1,3,39
PROD005,EMP267,1,4,41
PROD005,EMP267,1,5,31
PROD005,EMP267,1,6,41
PROD005,EMP267,1,7,35
PROD005,EMP267,1,8,44
PROD005,EMP267,1,9,26
PROD005,EMP267,1,10,48
PROD005,EMP267,1,11,46
PROD005,EMP267,1,12,35
PROD005,EMP267,1,13,38
PROD005,EMP267,1,14,39
PROD005,EMP267,1,15,36
PROD005,EMP267,1,16,38
PROD005,EMP267,1,17,35
PROD005,EMP267,1,18,31
PROD005,EMP267,1,19,41
PROD005,EMP267,1,20,43
PROD005,EMP267,1,21,36
PROD005,EMP267,1,22,44
PROD005,EMP267,1,23,27
PROD005,EMP267,1,24,26
PROD005,EMP267,1,25,20
PROD005,EMP267,1,26,35
PROD005,EMP267,1,27,32
PROD005,EMP267,1,28,19
PROD005,EMP267,1,29,39
PROD005,EMP267,1,30,38
PROD005,EMP267,1,31,33
PROD005,EMP267,1,32,24
PROD005,EMP267,1,33,23
PROD005,EMP267,1,34,35
PROD005,EMP267,1,35,28
PROD005,EMP267,1,36,34
PROD005,EMP267,1,37,27
PROD005,EMP267,1,38,24
PROD005,EMP267,1,39,30
PROD005,EMP267,1,40,36
PROD005,EMP267,1,41,30
PROD005,EMP267,1,42,29
PROD005,EMP267,1,43,22
PROD005,EMP267,1,44,36
PROD005,EMP267,1,45,26
PROD005,EMP267,1,46,33
PROD005,EMP267,1,47,44
PROD005,EMP267,1,48,29
PROD005,EMP267,1,49,36
PROD005,EMP267,1,50,27
PROD005,EMP267,1,51,22
PROD006,EMP267,0,0,32
PROD006,EMP267,0,1,44
PROD006,EMP267,0,2,31
PROD006,EMP267,0,3,38
PROD006,EMP267,0,4,37
PROD006,EMP267,0,5,36
PROD006,EMP267,0,6,30
PROD006,EMP267,0,7,42
PROD006,EMP267,0,8,49
PROD006,EMP267,0,9,46
PROD006,EMP267,0,10,26
PROD006,EMP267,0,11,31
PROD006,EMP267,0,12,39
PROD006,EMP267,0,13,47
PROD006,EMP267,0,14,43
PROD006,EMP267,0,15,50
PROD006,EMP267,0,16,35
PROD006,EMP267,0,17,37
PROD006,EMP267,0,18,32
PROD006,EMP267,0,19,31
PROD006,EMP267,0,20,29
PROD006,EMP267,0,21,45
PROD006,EMP267,0,22,33
PROD006,EMP267,0,23,35
PROD006,EMP267,0,24,29
PROD006,EMP267,0,25,16
PROD006,EMP267,0,26,34
PROD006,EMP267,0,27,28
PROD006,EMP267,0,28,30
PROD006,EMP267,0,29,30
PROD006,EMP267,0,30,17
PROD006,EMP267,0,31,32
PROD006,EMP267,0,32,37
PROD006,EMP267,0,33,31
PROD006,EMP267,0,34,24
PROD006,EMP267,0,35,34
PROD006,EMP267,0,36,33
PROD006,EMP267,0,37,38
PROD006,EMP267,0,38,35
PROD006,EMP267,0,39,28
PROD006,EMP267,0,40,34
PROD006,EMP267,0,41,28
PROD006,EMP267,0,42,32
PROD006,EMP267,0,43,24
PROD006,EMP267,0,44,28
PROD006,EMP267,0,45,22
PROD006,EMP267,0,46,24
PROD006,EMP267,0,47,26
PROD006,EMP267,0,48,33
PROD006,EMP267,0,49,25
PROD006,EMP267,0,50,40
PROD006,EMP267,0,51,15
PROD006,EMP267,1,0,42
PROD006,EMP267,1,1,34
PROD006,EMP267,1,2,40
PROD006,EMP267,1,3,39
PROD006,EMP267,1,4,47
PROD006,EMP267,1,5,31
PROD006,EMP267,1,6,43
PROD006,EMP267,1,7,40
PROD006,EMP267,1,8,47
PROD006,EMP267,1,9,35
PROD006,EMP267,1,10,38
PROD006,EMP267,1,11,37
PROD006,EMP267,1,12,44
PROD006,EMP267,1,13,27
PROD006,EMP267,1,14,30
PROD006,EMP267,1,15,47
PROD006,EMP267,1,16,39
PROD006,EMP267,1,17,34
PROD006,EMP267,1,18,35
PROD006,EMP267,1,19,30
PROD006,EMP267,1,20,27
PROD006,EMP267,1,21,34
PROD006,EMP267,1,22,29
PROD006,EMP267,1,23,28
PROD006,EMP267,1,24,27
PROD006,EMP267,1,25,28
PROD006,EMP267,1,26,27
PROD006,EMP267,1,27,30
PROD006,EMP267,1,28,27
PROD006,EMP267,1,29,25
PROD006,EMP267,1,30,35
PROD006,EMP267,1,31,25
PROD006,EMP267,1,32,40
PROD006,EMP267,1,33,32
PROD006,EMP267,1,34,28
PROD006,EMP267,1,35,26
PROD006,EMP267,1,36,27
PROD006,EMP267,1,37,32
PROD006,EMP267,1,38,31
PROD006,EMP267,1,39,33
PROD006,EMP267,1,40,32
PROD006,EMP267,1,41,23
PROD006,EMP267,1,42,33
PROD006,EMP267,1,43,29
PROD006,EMP267,1,44,25
PROD006,EMP267,1,45,30
PROD006,EMP267,1,46,40
PROD006,EMP267,1,47,37
PROD006,EMP267,1,48,36
PROD006,EMP267,1,49,29
PROD006,EMP267,1,50,27
PROD006,EMP267,1,51,18
PROD007,EMP267,0,0,26
PROD007,EMP267,0,1,31
PROD007,EMP267,0,2,45
PROD007,EMP267,0,3,36
PROD007,EMP267,0,4,31
PROD007,EMP267,0,5,28
PROD007,EMP267,0,6,28
PROD007,EMP267,0,7,34
PROD007,EMP267,0,8,42
PROD007,EMP267,0,9,40
PROD007,EMP267,0,10,43
PROD007,EMP267,0,11,35
PROD007,EMP267,0,12,30
PROD007,EMP267,0,13,33
PROD007,EMP267,0,14,40
PROD007,EMP267,0,15,45
PROD007,EMP267,0,16,48
PROD007,EMP267,0,17,35
PROD007,EMP267,0,18,30
PROD007,EMP267,0,19,29
PROD007,EMP267,0,20,39
PROD007,EMP267,0,21,41
PROD007,EMP267,0,22,30
PROD007,EMP267,0,23,34
PROD007,EMP267,0,24,28
PROD007,EMP267,0,25,22
PROD007,EMP267,0,26,31
PROD007,EMP267,0,27,29
PROD007,EMP267,0,28,30
PROD007,EMP267,0,29,34
PROD007,EMP267,0,30,26
PROD007,EMP267,0,31,28
PROD007,EMP267,0,32,32
PROD007,EMP267,0,33,31
PROD007,EMP267,0,34,27
PROD007,EMP267,0,35,40
PROD007,EMP267,0,36,33
PROD007,EMP267,0,37,34
PROD007,EMP267,0,38,31
PROD007,EMP267,0,39,19
PROD007,EMP267,0,40,48
PROD007,EMP267,0,41,21
PROD007,EMP267,0,42,31
PROD007,EMP267,0,43,19
PROD007,EMP267,0,44,24
PROD007,EMP267,0,45,32
PROD007,EMP267,0,46,36
PROD007,EMP267,0,47,30
PROD007,EMP267,0,48,33
PROD007,EMP267,0,49,29
PROD007,EMP267,0,50,27
PROD007,EMP267,0,51,29
PROD007,EMP267,1,0,32
PROD007,EMP267,1,1,28
PROD007,EMP267,1,2,39
PROD007,EMP267,1,3,36
PROD007,EMP267,1,4,47
PROD007,EMP267,1,5,40
PROD007,EMP267,1,6,35
PROD007,EMP267,1,7,39
PROD007,EMP267,1,8,40
PROD007,EMP267,1,9,37
PROD007,EMP267,1,10,38
PROD007,EMP267,1,11,31
PROD007,EMP267,1,12,29
PROD007,EMP267,1,13,41
PROD007,EMP267,1,14,41
PROD007,EMP267,1,15,34
PROD007,EMP267,1,16,33
PROD007,EMP267,1,17,32
PROD007,EMP267,1,18,54
PROD007,EMP267,1,19,36
PROD007,EMP267,1,20,39
PROD007,EMP267,1,21,38
PROD007,EMP267,1,22,39
PROD007,EMP267,1,23,35
PROD007,EMP267,1,24,24
PROD007,EMP267,1,25,21
PROD007,EMP267,1,26,31
PROD007,EMP267,1,27,27
PROD007,EMP267,1,28,33
PROD007,EMP267,1,29,31
PROD007,EMP267,1,30,25
PROD007,EMP267,1,31,27
PROD007,EMP267,1,32,26
PROD007,EMP267,1,33,38
PROD007,EMP267,1,34,25
PROD007,EMP267,1,35,17
PROD007,EMP267,1,36,34
PROD007,EMP267,1,37,29
PROD007,EMP267,1,38,35
PROD007,EMP267,1,39,28
PROD007,EMP267,1,40,22
PROD007,EMP267,1,41,33
PROD007,EMP267,1,42,37
PROD007,EMP267,1,43,20
PROD007,EMP267,1,44,22
PROD007,EMP267,1,45,37
PROD007,EMP267,1,46,39
PROD007,EMP267,1,47,26
PROD007,EMP267,1,48,24
PROD007,EMP267,1,49,29
PROD007,EMP267,1,50,28
PROD007,EMP267,1,51,30
PROD008,EMP267,0,0,25
PROD008,EMP267,0,1,30
PROD008,EMP267,0,2,32
PROD008,EMP267,0,3,47
PROD008,EMP267,0,4,45
PROD008,EMP267,0,5,50
PROD008,EMP267,0,6,40
PROD008,EMP267,0,7,35
PROD008,EMP267,0,8,33
PROD008,EMP267,0,9,33
PROD008,EMP267,0,10,35
PROD008,EMP267,0,11,43
PROD008,EMP267,0,12,41
PROD008,EMP267,0,13,32
PROD008,EMP267,0,14,38
PROD008,EMP267,0,15,40
PROD008,EMP267,0,16,30
PROD008,EMP267,0,17,36
PROD008,EMP267,0,18,27
PROD008,EMP267,0,19,26
PROD008,EMP267,0,20,39
PROD008,EMP267,0,21,38
PROD008,EMP267,0,22,34
PROD008,EMP267,0,23,33
PROD008,EMP267,0,24,24
PROD008,EMP267,0,25,22
PROD008,EMP267,0,26,18
PROD008,EMP267,0,27,36
PROD008,EMP267,0,28,28
PROD008,EMP267,0,29,33
PROD008,EMP267,0,30,27
PROD008,EMP267,0,31,24
PROD008,EMP267,0,32,25
PROD008,EMP267,0,33,30
PROD008,EMP267,0,34,31
PROD008,EMP267,0,35,30
PROD008,EMP267,0,36,19
PROD008,EMP267,0,37,26
PROD008,EMP267,0,38,36
PROD008,EMP267,0,39,28
PROD008,EMP267,0,40,39
PROD008,EMP267,0,41,35
PROD008,EMP267,0,42,37
PROD008,EMP267,0,43,32
PROD008,EMP267,0,44,25
PROD008,EMP267,0,45,31
PROD008,EMP267,0,46,29
PROD008,EMP267,0,47,28
PROD008,EMP267,0,48,37
PROD008,EMP267,0,49,22
PROD008,EMP267,0,50,31
PROD008,EMP267,0,51,26
PROD008,EMP267,1,0,38
PROD008,EMP267,1,1,27
PROD008,EMP267,1,2,36
PROD008,EMP267,1,3,36
PROD008,EMP267,1,4,35
PROD008,EMP267,1,5,39
PROD008,EMP267,1,6,33
PROD008,EMP267,1,7,29
PROD008,EMP267,1,8,41
PROD008,EMP267,1,9,31
PROD008,EMP267,1,10,37
PROD008,EMP267,1,11,37
PROD008,EMP267,1,12,30
PROD008,EMP267,1,13,35
PROD008,EMP267,1,14,25
PROD008,EMP267,1,15,28
PROD008,EMP267,1,16,42
PROD008,EMP267,1,17,30
PROD008,EMP267,1,18,39
PROD008,EMP267,1,19,30
PROD008,EMP267,1,20,45
PROD008,EMP267,1,21,35
PROD008,EMP267,1,22,32
PROD008,EMP267,1,23,30
PROD008,EMP267,1,24,29
PROD008,EMP267,1,25,25
PROD008,EMP267,1,26,25
PROD008,EMP267,1,27,26
PROD008,EMP267,1,28,26
PROD008,EMP267,1,29,25
PROD008,EMP267,1,30,35
PROD008,EMP267,1,31,24
PROD008,EMP267,1,32,27
PROD008,EMP267,1,33,27
PROD008,EMP267,1,34,44
PROD008,EMP267,1,35,43
PROD008,EMP267,1,36,22
PROD008,EMP267,1,37,35
PROD008,EMP267,1,38,31
PROD008,EMP267,1,39,33
PROD008,EMP267,1,40,35
PROD008,EMP267,1,41,25
PROD008,EMP267,1,42,40
PROD008,EMP267,1,43,43
PROD008,EMP267,1,44,36
PROD008,EMP267,1,45,34
PROD008,EMP267,1,46,32
PROD008,EMP267,1,47,18
PROD008,EMP267,1,48,26
PROD008,EMP267,1,49,35
PROD008,EMP267,1,50,29
PROD008,EMP267,1,51,23
PROD001,EMP290,0,0,20
PROD001,EMP290,0,1,11
PROD001,EMP290,0,2,22
PROD001,EMP290,0,3,14
PROD001,EMP290,0,4,15
PROD001,EMP290,0,5,20
PROD001,EMP290,0,6,15
PROD001,EMP290,0,7,17
PROD001,EMP290,0,8,14
PROD001,EMP290,0,9,21
PROD001,EMP290,0,10,16
PROD001,EMP290,0,11,20
PROD001,EMP290,0,12,10
PROD001,EMP290,0,13,14
PROD001,EMP290,0,14,14
PROD001,EMP290,0,15,16
PROD001,EMP290,0,16,18
PROD001,EMP290,0,17,19
PROD001,EMP290,0,18,15
PROD001,EMP290,0,19,17
PROD001,EMP290,0,20,22
PROD001,EMP290,0,21,24
PROD001,EMP290,0,22,21
PROD001,EMP290,0,23,22
PROD001,EMP290,0,24,22
PROD001,EMP290,0,25,21
PROD001,EMP290,0,26,14
PROD001,EMP290,0,27,7
PROD001,EMP290,0,28,7
PROD001,EMP290,0,29,10
PROD001,EMP290,0,30,9
PROD001,EMP290,0,31,11
PROD001,EMP290,0,32,14
PROD001,EMP290,0,33,19
PROD001,EMP290,0,34,6
PROD001,EMP290,0,35,15
PROD001,EMP290,0,36,9
PROD001,EMP290,0,37,15
PROD001,EMP290,0,38,12
PROD001,EMP290,0,39,14
PROD001,EMP290,0,40,19
PROD001,EMP290,0,41,15
PROD001,EMP290,0,42,17
PROD001,EMP290,0,43,16
PROD001,EMP290,0,44,16
PROD001,EMP290,0,45,15
PROD001,EMP290,0,46,14
PROD001,EMP290,0,47,15
PROD001,EMP290,0,48,14
PROD001,EMP290,0,49,14
PROD001,EMP290,0,50,22
PROD001,EMP290,0,51,21
PROD001,EMP290,1,0,16
PROD001,EMP290,1,1,15
PROD001,EMP290,1,2,27
PROD001,EMP290,1,3,14
PROD001,EMP290,1,4,19
PROD001,EMP290,1,5,12
PROD001,EMP290,1,6,13
PROD001,EMP290,1,7,11
PROD001,EMP290,1,8,17
PROD001,EMP290,1,9,31
PROD001,EMP290,1,10,20
PROD001,EMP290,1,11,16
PROD001,EMP290,1,12,10
PROD001,EMP290,1,13,24
PROD001,EMP290,1,14,23
PROD001,EMP290,1,15,17
PROD001,EMP290,1,16,19
PROD001,EMP290,1,17,16
PROD001,EMP290,1,18,19
PROD001,EMP290,1,19,13
PROD001,EMP290,1,20,11
PROD001,EMP290,1,21,15
PROD001,EMP290,1,22,18
PROD001,EMP290,1,23,17
PROD001,EMP290,1,24,18
PROD001,EMP290,1,25,29
PROD001,EMP290,1,26,12
PROD001,EMP290,1,27,15
PROD001,EMP290,1,28,5
PROD001,EMP290,1,29,18
PROD001,EMP290,1,30,10
PROD001,EMP290,1,31,9
PROD001,EMP290,1,32,16
PROD001,EMP290,1,33,8
PROD001,EMP290,1,34,13
PROD001,EMP290,1,35,10
PROD001,EMP290,1,36,14
PROD001,EMP290,1,37,13
PROD001,EMP290,1,38,13
PROD001,EMP290,1,39,13
PROD001,EMP290,1,40,21
PROD001,EMP290,1,41,16
PROD001,EMP290,1,42,19
PROD001,EMP290,1,43,15
PROD001,EMP290,1,44,13
PROD001,EMP290,1,45,10
PROD001,EMP290,1,46,11
PROD001,EMP290,1,47,16
PROD001,EMP290,1,48,14
PROD001,EMP290,1,49,17
PROD001,EMP290,1,50,21
PROD001,EMP290,1,51,24
PROD002,EMP290,0,0,7
PROD002,EMP290,0,1,7
PROD002,EMP290,0,2,13
PROD002,EMP290,0,3,14
PROD002,EMP290,0,4,11
PROD002,EMP290,0,5,11
PROD002,EMP290,0,6,13
PROD002,EMP290,0,7,17
PROD002,EMP290,0,8,15
PROD002,EMP290,0,9,6
PROD002,EMP290,0,10,7
PROD002,EMP290,0,11,14
PROD002,EMP290,0,12,19
PROD002,EMP290,0,13,16
PROD002,EMP290,0,14,13
PROD002,EMP290,0,15,10
PROD002,EMP290,0,16,11
PROD002,EMP290,0,17,25
PROD002,EMP290,0,18,15
PROD002,EMP290,0,19,9
PROD002,EMP290,0,20,19
PROD002,EMP290,0,21,23
PROD002,EMP290,0,22,12
PROD002,EMP290,0,23,15
PROD002,EMP290,0,24,28
PROD002,EMP290,0,25,9
PROD002,EMP290,0,26,7
PROD002,EMP290,0,27,9
PROD002,EMP290,0,28,10
PROD002,EMP290,0,29,9
PROD002,EMP290,0,30,19
PROD002,EMP290,0,31,12
PROD002,EMP290,0,32,9
PROD002,EMP290,0,33,15
PROD002,EMP290,0,34,6
PROD002,EMP290,0,35,12
PROD002,EMP290,0,36,13
PROD002,EMP290,0,37,9
PROD002,EMP290,0,38,7
PROD002,EMP290,0,39,11
PROD002,EMP290,0,40,11
PROD002,EMP290,0,41,6
PROD002,EMP290,0,42,10
PROD002,EMP290,0,43,10
PROD002,EMP290,0,44,8
PROD002,EMP290,0,45,13
PROD002,EMP290,0,46,9
PROD002,EMP290,0,47,15
PROD002,EMP290,0,48,11
PROD002,EMP290,0,49,16
PROD002,EMP290,0,50,18
PROD002,EMP290,0,51,25
PROD002,EMP290,1,0,15
PROD002,EMP290,1,1,7
PROD002,EMP290,1,2,10
PROD002,EMP290,1,3,18
PROD002,EMP290,1,4,21
PROD002,EMP290,1,5,8
PROD002,EMP290,1,6,7
PROD002,EMP290,1,7,12
PROD002,EMP290,1,8,13
PROD002,EMP290,1,9,15
PROD002,EMP290,1,10,12
PROD002,EMP290,1,11,15
PROD002,EMP290,1,12,22
PROD002,EMP290,1,13,15
PROD002,EMP290,1,14,8
PROD002,EMP290,1,15,9
PROD002,EMP290,1,16,13
PROD002,EMP290,1,17,16
PROD002,EMP290,1,18,13
PROD002,EMP290,1,19,18
PROD002,EMP290,1,20,16
PROD002,EMP290,1,21,12
PROD002,EMP290,1,22,28
PROD002,EMP290,1,23,15
PROD002,EMP290,1,24,25
PROD002,EMP290,1,25,20
PROD002,EMP290,1,26,8
PROD002,EMP290,1,27,8
PROD002,EMP290,1,28,4
PROD002,EMP290,1,29,4
PROD002,EMP290,1,30,5
PROD002,EMP290,1,31,10
PROD002,EMP290,1,32,9
PROD002,EMP290,1,33,9
PROD002,EMP290,1,34,7
PROD002,EMP290,1,35,12
PROD002,EMP290,1,36,7
PROD002,EMP290,1,37,8
PROD002,EMP290,1,38,12
PROD002,EMP290,1,39,4
PROD002,EMP290,1,40,9
PROD002,EMP290,1,41,6
PROD002,EMP290,1,42,20
PROD002,EMP290,1,43,17
PROD002,EMP290,1,44,9
PROD002,EMP290,1,45,18
PROD002,EMP290,1,46,10
PROD002,EMP290,1,47,14
PROD002,EMP290,1,48,15
PROD002,EMP290,1,49,19
PROD002,EMP290,1,50,20
PROD002,EMP290,1,51,20
PROD003,EMP290,0,0,23
PROD003,EMP290,0,1,16
PROD003,EMP290,0,2,9
PROD003,EMP290,0,3,11
PROD003,EMP290,0,4,16
PROD003,EMP290,0,5,19
PROD003,EMP290,0,6,23
PROD003,EMP290,0,7,16
PROD003,EMP290,0,8,16
PROD003,EMP290,0,9,18
PROD003,EMP290,0,10,8
PROD003,EMP290,0,11,22
PROD003,EMP290,0,12,11
PROD003,EMP290,0,13,20
PROD003,EMP290,0,14,11
PROD003,EMP290,0,15,12
PROD003,EMP290,0,16,17
PROD003,EMP290,0,17,12
PROD003,EMP290,0,18,13
PROD003,EMP290,0,19,13
PROD003,EMP290,0,20,21
PROD003,EMP290,0,21,13
PROD003,EMP290,0,22,7
PROD003,EMP290,0,23,18
PROD003,EMP290,0,24,12
PROD003,EMP290,0,25,18
PROD003,EMP290,0,26,9
PROD003,EMP290,0,27,6
PROD003,EMP290,0,28,5
PROD003,EMP290,0,29,14
PROD003,EMP290,0,30,9
PROD003,EMP290,0,31,7
PROD003,EMP290,0,32,11
PROD003,EMP290,0,33,6
PROD003,EMP290,0,34,6
PROD003,EMP290,0,35,11
PROD003,EMP290,0,36,9
PROD003,EMP290,0,37,8
PROD003,EMP290,0,38,9
PROD003,EMP290,0,39,4
PROD003,EMP290,0,40,15
PROD003,EMP290,0,41,5
PROD003,EMP290,0,42,7
PROD003,EMP290,0,43,9
PROD003,EMP290,0,44,4
PROD003,EMP290,0,45,4
PROD003,EMP290,0,46,11
PROD003,EMP290,0,47,14
PROD003,EMP290,0,48,12
PROD003,EMP290,0,49,10
PROD003,EMP290,0,50,18
PROD003,EMP290,0,51,13
PROD003,EMP290,1,0,9
PROD003,EMP290,1,1,12
PROD003,EMP290,1,2,11
PROD003,EMP290,1,3,16
PROD003,EMP290,1,4,8
PROD003,EMP290,1,5,9
PROD003,EMP290,1,6,18
PROD003,EMP290,1,7,12
PROD003,EMP290,1,8,18
PROD003,EMP290,1,9,14
PROD003,EMP290,1,10,13
PROD003,EMP290,1,11,14
PROD003,EMP290,1,12,14
PROD003,EMP290,1,13,15
PROD003,EMP290,1,14,12
PROD003,EMP290,1,15,13
PROD003,EMP290,1,16,15
PROD003,EMP290,1,17,18
PROD003,EMP290,1,18,12
PROD003,EMP290,1,19,18
PROD003,EMP290,1,20,8
PROD003,EMP290,1,21,19
PROD003,EMP290,1,22,13
PROD003,EMP290,1,23,12
PROD003,EMP290,1,24,14
PROD003,EMP290,1,25,15
PROD003,EMP290,1,26,7
PROD003,EMP290,1,27,3
PROD003,EMP290,1,28,12
PROD003,EMP290,1,29,11
PROD003,EMP290,1,30,11
PROD003,EMP290,1,31,9
PROD003,EMP290,1,32,13
PROD003,EMP290,1,33,14
PROD003,EMP290,1,34,13
PROD003,EMP290,1,35,9
PROD003,EMP290,1,36,8
PROD003,EMP290,1,37,5
PROD003,EMP290,1,38,8
PROD003,EMP290,1,39,6
PROD003,EMP290,1,40,8
PROD003,EMP290,1,41,11
PROD003,EMP290,1,42,14
PROD003,EMP290,1,43,11
PROD003,EMP290,1,44,13
PROD003,EMP290,1,45,11
PROD003,EMP290,1,46,8
PROD003,EMP290,1,47,9
PROD003,EMP290,1,48,12
PROD003,EMP290,1,49,18
PROD003,EMP290,1,50,15
PROD003,EMP290,1,51,22
PROD004,EMP290,0,0,15
PROD004,EMP290,0,1,7
PROD004,EMP290,0,2,15
PROD004,EMP290,0,3,14
PROD004,EMP290,0,4,17
PROD004,EMP290,0,5,7
PROD004,EMP290,0,6,10
PROD004,EMP290,0,7,16
PROD004,EMP290,0,8,11
PROD004,EMP290,0,9,8
PROD004,EMP290,0,10,8
PROD004,EMP290,0,11,10
PROD004,EMP290,0,12,10
PROD004,EMP290,0,13,12
PROD004,EMP290,0,14,10
PROD004,EMP290,0,15,16
PROD004,EMP290,0,16,13
PROD004,EMP290,0,17,10
PROD004,EMP290,0,18,13
PROD004,EMP290,0,19,13
PROD004,EMP290,0,20,18
PROD004,EMP290,0,21,12
PROD004,EMP290,0,22,15
PROD004,EMP290,0,23,9
PROD004,EMP290,0,24,8
PROD004,EMP290,0,25,5
PROD004,EMP290,0,26,11
PROD004,EMP290,0,27,8
PROD004,EMP290,0,28,9
PROD004,EMP290,0,29,10
PROD004,EMP290,0,30,7
PROD004,EMP290,0,31,12
PROD004,EMP290,0,32,12
PROD004,EMP290,0,33,9
PROD004,EMP290,0,34,16
PROD004,EMP290,0,35,11
PROD004,EMP290,0,36,12
PROD004,EMP290,0,37,10
PROD004,EMP290,0,38,6
PROD004,EMP290,0,39,19
PROD004,EMP290,0,40,6
PROD004,EMP290,0,41,12
PROD004,EMP290,0,42,11
PROD004,EMP290,0,43,16
PROD004,EMP290,0,44,12
PROD004,EMP290,0,45,11
PROD004,EMP290,0,46,13
PROD004,EMP290,0,47,8
PROD004,EMP290,0,48,17
PROD004,EMP290,0,49,10
PROD004,EMP290,0,50,10
PROD004,EMP290,0,51,21
PROD004,EMP290,1,0,10
PROD004,EMP290,1,1,14
PROD004,EMP290,1,2,13
PROD004,EMP290,1,3,11
PROD004,EMP290,1,4,9
PROD004,EMP290,1,5,13
PROD004,EMP290,1,6,19
PROD004,EMP290,1,7,10
PROD004,EMP290,1,8,11
PROD004,EMP290,1,9,12
PROD004,EMP290,1,10,8
PROD004,EMP290,1,11,9
PROD004,EMP290,1,12,18
PROD004,EMP290,1,13,16
PROD004,EMP290,1,14,12
PROD004,EMP290,1,15,8
PROD004,EMP290,1,16,14
PROD004,EMP290,1,17,8
PROD004,EMP290,1,18,14
PROD004,EMP290,1,19,6
PROD004,EMP290,1,20,9
PROD004,EMP290,1,21,14
PROD004,EMP290,1,22,21
PROD004,EMP290,1,23,11
PROD004,EMP290,1,24,13
PROD004,EMP290,1,25,10
PROD004,EMP290,1,26,8
PROD004,EMP290,1,27,7
PROD004,EMP290,1,28,9
PROD004,EMP290,1,29,9
PROD004,EMP290,1,30,20
PROD004,EMP290,1,31,14
PROD004,EMP290,1,32,9
PROD004,EMP290,1,33,6
PROD004,EMP290,1,34,3
PROD004,EMP290,1,35,11
PROD004,EMP290,1,36,7
PROD004,EMP290,1,37,10
PROD004,EMP290,1,38,10
PROD004,EMP290,1,39,7
PROD004,EMP290,1,40,12
PROD004,EMP290,1,41,16
PROD004,EMP290,1,42,11
PROD004,EMP290,1,43,14
PROD004,EMP290,1,44,10
PROD004,EMP290,1,45,11
PROD004,EMP290,1,46,9
PROD004,EMP290,1,47,8
PROD004,EMP290,1,48,20
PROD004,EMP290,1,49,19
PROD004,EMP290,1,50,14
PROD004,EMP290,1,51,15
PROD005,EMP290,0,0,10
PROD005,EMP290,0,1,11
PROD005,EMP290,0,2,10
PROD005,EMP290,0,3,9
PROD005,EMP290,0,4,9
PROD005,EMP290,0,5,14
PROD005,EMP290,0,6,16
PROD005,EMP290,0,7,12
PROD005,EMP290,0,8,9
PROD005,EMP290,0,9,10
PROD005,EMP290,0,10,10
PROD005,EMP290,0,11,11
PROD005,EMP290,0,12,12
PROD005,EMP290,0,13,18
PROD005,EMP290,0,14,8
PROD005,EMP290,0,15,10
PROD005,EMP290,0,16,18
PROD005,EMP290,0,17,19
PROD005,EMP290,0,18,15
PROD005,EMP290,0,19,10
PROD005,EMP290,0,20,12
PROD005,EMP290,0,21,16
PROD005,EMP290,0,22,13
PROD005,EMP290,0,23,10
PROD005,EMP290,0,24,12
PROD005,EMP290,0,25,14
PROD005,EMP290,0,26,9
PROD005,EMP290,0,27,5
PROD005,EMP290,0,28,9
PROD005,EMP290,0,29,15
PROD005,EMP290,0,30,14
PROD005,EMP290,0,31,7
PROD005,EMP290,0,32,8
PROD005,EMP290,0,33,4
PROD005,EMP290,0,34,12
PROD005,EMP290,0,35,6
PROD005,EMP290,0,36,9
PROD005,EMP290,0,37,6
PROD005,EMP290,0,38,10
PROD005,EMP290,0,39,7
PROD005,EMP290,0,40,10
PROD005,EMP290,0,41,10
PROD005,EMP290,0,42,10
PROD005,EMP290,0,43,9
PROD005,EMP290,0,44,21
PROD005,EMP290,0,45,9
PROD005,EMP290,0,46,7
PROD005,EMP290,0,47,8
PROD005,EMP290,0,48,8
PROD005,EMP290,0,49,8
PROD005,EMP290,0,50,11
PROD005,EMP290,0,51,9
PROD005,EMP290,1,0,7
PROD005,EMP290,1,1,18
PROD005,EMP290,1,2,11
PROD005,EMP290,1,3,14
PROD005,EMP290,1,4,9
PROD005,EMP290,1,5,16
PROD005,EMP290,1,6,15
PROD005,EMP290,1,7,17
PROD005,EMP290,1,8,8
PROD005,EMP290,1,9,17
PROD005,EMP290,1,10,13
PROD005,EMP290,1,11,11
PROD005,EMP290,1,12,7
PROD005,EMP290,1,13,16
PROD005,EMP290,1,14,16
PROD005,EMP290,1,15,8
PROD005,EMP290,1,16,11
PROD005,EMP290,1,17,12
PROD005,EMP290,1,18,5
PROD005,EMP290,1,19,13
PROD005,EMP290,1,20,8
PROD005,EMP290,1,21,13
PROD005,EMP290,1,22,10
PROD005,EMP290,1,23,7
PROD005,EMP290,1,24,13
PROD005,EMP290,1,25,10
PROD005,EMP290,1,26,7
PROD005,EMP290,1,27,10
PROD005,EMP290,1,28,5
PROD005,EMP290,1,29,7
PROD005,EMP290,1,30,11
PROD005,EMP290,1,31,6
PROD005,EMP290,1,32,10
PROD005,EMP290,1,33,9
PROD005,EMP290,1,34,12
PROD005,EMP290,1,35,11
PROD005,EMP290,1,36,12
PROD005,EMP290,1,37,11
PROD005,EMP290,1,38,9
PROD005,EMP290,1,39,5
PROD005,EMP290,1,40,8
PROD005,EMP290,1,41,17
PROD005,EMP290,1,42,8
PROD005,EMP290,1,43,10
PROD005,EMP290,1,44,6
PROD005,EMP290,1,45,19
PROD005,EMP290,1,46,13
PROD005,EMP290,1,47,11
PROD005,EMP290,1,48,7
PROD005,EMP290,1,49,7
PROD005,EMP290,1,50,18
PROD005,EMP290,1,51,11
PROD006,EMP290,0,0,8
PROD006,EMP290,0,1,14
PROD006,EMP290,0,2,14
PROD006,EMP290,0,3,11
PROD006,EMP290,0,4,14
PROD006,EMP290,0,5,12
PROD006,EMP290,0,6,6
PROD006,EMP290,0,7,6
PROD006,EMP290,0,8,7
PROD006,EMP290,0,9,21
PROD006,EMP290,0,10,13
PROD006,EMP290,0,11,13
PROD006,EMP290,0,12,10
PROD006,EMP290,0,13,7
PROD006,EMP290,0,14,18
PROD006,EMP290,0,15,7
PROD006,EMP290,0,16,6
PROD006,EMP290,0,17,14
PROD006,EMP290,0,18,6
PROD006,EMP290,0,19,9
PROD006,EMP290,0,20,11
PROD006,EMP290,0,21,18
PROD006,EMP290,0,22,15
PROD006,EMP290,0,23,9
PROD006,EMP290,0,24,10
PROD006,EMP290,0,25,11
PROD006,EMP290,0,26,7
PROD006,EMP290,0,27,9
PROD006,EMP290,0,28,5
PROD006,EMP290,0,29,9
PROD006,EMP290,0,30,4
PROD006,EMP290,0,31,9
PROD006,EMP290,0,32,12
PROD006,EMP290,0,33,11
PROD006,EMP290,0,34,3
PROD006,EMP290,0,35,8
PROD006,EMP290,0,36,8
PROD006,EMP290,0,37,10
PROD006,EMP290,0,38,12
PROD006,EMP290,0,39,7
PROD006,EMP290,0,40,12
PROD006,EMP290,0,41,15
PROD006,EMP290,0,42,15
PROD006,EMP290,0,43,7
PROD006,EMP290,0,44,10
PROD006,EMP290,0,45,10
PROD006,EMP290,0,46,7
PROD006,EMP290,0,47,12
PROD006,EMP290,0,48,10
PROD006,EMP290,0,49,5
PROD006,EMP290,0,50,9
PROD006,EMP290,0,51,10
PROD006,EMP290,1,0,7
PROD006,EMP290,1,1,19
PROD006,EMP290,1,2,4
PROD006,EMP290,1,3,9
PROD006,EMP290,1,4,8
PROD006,EMP290,1,5,12
PROD006,EMP290,1,6,11
PROD006,EMP290,1,7,10
PROD006,EMP290,1,8,8
PROD006,EMP290,1,9,16
PROD006,EMP290,1,10,10
PROD006,EMP290,1,11,9
PROD006,EMP290,1,12,14
PROD006,EMP290,1,13,12
PROD006,EMP290,1,14,15
PROD006,EMP290,1,15,15
PROD006,EMP290,1,16,7
PROD006,EMP290,1,17,6
PROD006,EMP290,1,18,10
PROD006,EMP290,1,19,18
PROD006,EMP290,1,20,8
PROD006,EMP290,1,21,9
PROD006,EMP290,1,22,14
PROD006,EMP290,1,23,15
PROD006,EMP290,1,24,17
PROD006,EMP290,1,25,20
PROD006,EMP290,1,26,9
PROD006,EMP290,1,27,8
PROD006,EMP290,1,28,13
PROD006,EMP290,1,29,8
PROD006,EMP290,1,30,3
PROD006,EMP290,1,31,7
PROD006,EMP290,1,32,7
PROD006,EMP290,1,33,8
PROD006,EMP290,1,34,15
PROD006,EMP290,1,35,8
PROD006,EMP290,1,36,10
PROD006,EMP290,1,37,8
PROD006,EMP290,1,38,5
PROD006,EMP290,1,39,3
PROD006,EMP290,1,40,10
PROD006,EMP290,1,41,9
PROD006,EMP290,1,42,7
PROD006,EMP290,1,43,8
PROD006,EMP290,1,44,16
PROD006,EMP290,1,45,8
PROD006,EMP290,1,46,9
PROD006,EMP290,1,47,7
PROD006,EMP290,1,48,7
PROD006,EMP290,1,49,11
PROD006,EMP290,1,50,9
PROD006,EMP290,1,51,16
PROD007,EMP290,0,0,10
PROD007,EMP290,0,1,7
PROD007,EMP290,0,2,8
PROD007,EMP290,0,3,13
PROD007,EMP290,0,4,7
PROD007,EMP290,0,5,10
PROD007,EMP290,0,6,12
PROD007,EMP290,0,7,11
PROD007,EMP290,0,8,11
PROD007,EMP290,0,9,8
PROD007,EMP290,0,10,7
PROD007,EMP290,0,11,11
PROD007,EMP290,0,12,6
PROD007,EMP290,0,13,16
PROD007,EMP290,0,14,12
PROD007,EMP290,0,15,8
PROD007,EMP290,0,16,10
PROD007,EMP290,0,17,16
PROD007,EMP290,0,18,17
PROD007,EMP290,0,19,9
PROD007,EMP290,0,20,17
PROD007,EMP290,0,21,12
PROD007,EMP290,0,22,11
PROD007,EMP290,0,23,13
PROD007,EMP290,0,24,18
PROD007,EMP290,0,25,20
PROD007,EMP290,0,26,6
PROD007,EMP290,0,27,5
PROD007,EMP290,0,28,5
PROD007,EMP290,0,29,12
PROD007,EMP290,0,30,4
PROD007,EMP290,0,31,8
PROD007,EMP290,0,32,7
PROD007,EMP290,0,33,4
PROD007,EMP290,0,34,9
PROD007,EMP290,0,35,5
PROD007,EMP290,0,36,9
PROD007,EMP290,0,37,6
PROD007,EMP290,0,38,12
PROD007,EMP290,0,39,7
PROD007,EMP290,0,40,9
PROD007,EMP290,0,41,14
PROD007,EMP290,0,42,9
PROD007,EMP290,0,43,9
PROD007,EMP290,0,44,5
PROD007,EMP290,0,45,12
PROD007,EMP290,0,46,7
PROD007,EMP290,0,47,6
PROD007,EMP290,0,48,5
PROD007,EMP290,0,49,13
PROD007,EMP290,0,50,3
PROD007,EMP290,0,51,11
PROD007,EMP290,1,0,7
PROD007,EMP290,1,1,10
PROD007,EMP290,1,2,9
PROD007,EMP290,1,3,11
PROD007,EMP290,1,4,5
PROD007,EMP290,1,5,8
PROD007,EMP290,1,6,15
PROD007,EMP290,1,7,14
PROD007,EMP290,1,8,9
PROD007,EMP290,1,9,7
PROD007,EMP290,1,10,16
PROD007,EMP290,1,11,13
PROD007,EMP290,1,12,10
PROD007,EMP290,1,13,14
PROD007,EMP290,1,14,13
PROD007,EMP290,1,15,7
PROD007,EMP290,1,16,18
PROD007,EMP290,1,17,7
PROD007,EMP290,1,18,13
PROD007,EMP290,1,19,11
PROD007,EMP290,1,20,8
PROD007,EMP290,1,21,6
PROD007,EMP290,1,22,12
PROD007,EMP290,1,23,5
PROD007,EMP290,1,24,11
PROD007,EMP290,1,25,8
PROD007,EMP290,1,26,5
PROD007,EMP290,1,27,10
PROD007,EMP290,1,28,5
PROD007,EMP290,1,29,11
PROD007,EMP290,1,30,13
PROD007,EMP290,1,31,7
PROD007,EMP290,1,32,10
PROD007,EMP290,1,33,11
PROD007,EMP290,1,34,5
PROD007,EMP290,1,35,10
PROD007,EMP290,1,36,8
PROD007,EMP290,1,37,9
PROD007,EMP290,1,38,11
PROD007,EMP290,1,39,10
PROD007,EMP290,1,40,4
PROD007,EMP290,1,41,13
PROD007,EMP290,1,42,5
PROD007,EMP290,1,43,21
PROD007,EMP290,1,44,10
PROD007,EMP290,1,45,6
PROD007,EMP290,1,46,7
PROD007,EMP290,1,47,4
PROD007,EMP290,1,48,8
PROD007,EMP290,1,49,16
PROD007,EMP290,1,50,5
PROD007,EMP290,1,51,11
PROD008,EMP290,0,0,7
PROD008,EMP290,0,1,6
PROD008,EMP290,0,2,7
PROD008,EMP290,0,3,8
PROD008,EMP290,0,4,10
PROD008,EMP290,0,5,12
PROD008,EMP290,0,6,7
PROD008,EMP290,0,7,10
PROD008,EMP290,0,8,11
PROD008,EMP290,0,9,14
PROD008,EMP290,0,10,10
PROD008,EMP290,0,11,16
PROD008,EMP290,0,12,15
PROD008,EMP290,0,13,13
PROD008,EMP290,0,14,9
PROD008,EMP290,0,15,16
PROD008,EMP290,0,16,5
PROD008,EMP290,0,17,15
PROD008,EMP290,0,18,9
PROD008,EMP290,0,19,9
PROD008,EMP290,0,20,10
PROD008,EMP290,0,21,5
PROD008,EMP290,0,22,11
PROD008,EMP290,0,23,7
PROD008,EMP290,0,24,5
PROD008,EMP290,0,25,6
PROD008,EMP290,0,26,12
PROD008,EMP290,0,27,11
PROD008,EMP290,0,28,14
PROD008,EMP290,0,29,6
PROD008,EMP290,0,30,8
PROD008,EMP290,0,31,7
PROD008,EMP290,0,32,6
PROD008,EMP290,0,33,12
PROD008,EMP290,0,34,3
PROD008,EMP290,0,35,9
PROD008,EMP290,0,36,11
PROD008,EMP290,0,37,14
PROD008,EMP290,0,38,9
PROD008,EMP290,0,39,11
PROD008,EMP290,0,40,11
PROD008,EMP290,0,41,8
PROD008,EMP290,0,42,8
PROD008,EMP290,0,43,5
PROD008,EMP290,0,44,11
PROD008,EMP290,0,45,10
PROD008,EMP290,0,46,7
PROD008,EMP290,0,47,7
PROD008,EMP290,0,48,9
PROD008,EMP290,0,49,7
PROD008,EMP290,0,50,10
PROD008,EMP290,0,51,8
PROD008,EMP290,1,0,8
PROD008,EMP290,1,1,16
PROD008,EMP290,1,2,9
PROD008,EMP290,1,3,9
PROD008,EMP290,1,4,9
PROD008,EMP290,1,5,10
PROD008,EMP290,1,6,12
PROD008,EMP290,1,7,6
PROD008,EMP290,1,8,15
PROD008,EMP290,1,9,7
PROD008,EMP290,1,10,8
PROD008,EMP290,1,11,15
PROD008,EMP290,1,12,7
PROD008,EMP290,1,13,9
PROD008,EMP290,1,14,15
PROD008,EMP290,1,15,5
PROD008,EMP290,1,16,14
PROD008,EMP290,1,17,11
PROD008,EMP290,1,18,12
PROD008,EMP290,1,19,5
PROD008,EMP290,1,20,6
PROD008,EMP290,1,21,14
PROD008,EMP290,1,22,13
PROD008,EMP290,1,23,16
PROD008,EMP290,1,24,13
PROD008,EMP290,1,25,16
PROD008,EMP290,1,26,10
PROD008,EMP290,1,27,10
PROD008,EMP290,1,28,9
PROD008,EMP290,1,29,8
PROD008,EMP290,1,30,5
PROD008,EMP290,1,31,6
PROD008,EMP290,1,32,6
PROD008,EMP290,1,33,4
PROD008,EMP290,1,34,7
PROD008,EMP290,1,35,6
PROD008,EMP290,1,36,5
PROD008,EMP290,1,37,9
PROD008,EMP290,1,38,7
PROD008,EMP290,1,39,7
PROD008,EMP290,1,40,10
PROD008,EMP290,1,41,5
PROD008,EMP290,1,42,10
PROD008,EMP290,1,43,7
PROD008,EMP290,1,44,13
PROD008,EMP290,1,45,7
PROD008,EMP290,1,46,12
PROD008,EMP290,1,47,7
PROD008,EMP290,1,48,8
PROD008,EMP290,1,49,11
PROD008,EMP290,1,50,12
PROD008,EMP290,1,51,9
