esp_code,employee_id,year_id,week,quantity_espsold
ESP001,EMP234,0,0,4
ESP001,EMP234,0,1,4
ESP001,EMP234,0,2,4
ESP001,EMP234,0,3,6
ESP001,EMP234,0,4,10
ESP001,EMP234,0,5,5
ESP001,EMP234,0,6,4
ESP001,EMP234,0,7,4
ESP001,EMP234,0,8,3
ESP001,EMP234,0,9,2
ESP001,EMP234,0,10,1
ESP001,EMP234,0,11,1
ESP001,EMP234,0,12,0
ESP001,EMP234,0,13,1
ESP001,EMP234,0,14,2
ESP001,EMP234,0,15,3
ESP001,EMP234,0,16,5
ESP001,EMP234,0,17,4
ESP001,EMP234,0,18,4
ESP001,EMP234,0,19,3
ESP001,EMP234,0,20,4
ESP001,EMP234,0,21,5
ESP001,EMP234,0,22,6
ESP001,EMP234,0,23,7
ESP001,EMP234,0,24,6
ESP001,EMP234,0,25,5
ESP001,EMP234,0,26,6
ESP001,EMP234,0,27,4
ESP001,EMP234,0,28,4
ESP001,EMP234,0,29,5
ESP001,EMP234,0,30,8
ESP001,EMP234,0,31,9
ESP001,EMP234,0,32,11
ESP001,EMP234,0,33,9
ESP001,EMP234,0,34,6
ESP001,EMP234,0,35,4
ESP001,EMP234,0,36,6
ESP001,EMP234,0,37,5
ESP001,EMP234,0,38,5
ESP001,EMP234,0,39,4
ESP001,EMP234,0,40,2
ESP001,EMP234,0,41,3
ESP001,EMP234,0,42,2
ESP001,EMP234,0,43,3
ESP001,EMP234,0,44,1
ESP001,EMP234,0,45,1
ESP001,EMP234,0,46,1
ESP001,EMP234,0,47,0
ESP001,EMP234,0,48,0
ESP001,EMP234,0,49,0
ESP001,EMP234,0,50,0
ESP001,EMP234,0,51,0
ESP001,EMP234,1,0,0
ESP001,EMP234,1,1,1
ESP001,EMP234,1,2,1
ESP001,EMP234,1,3,3
ESP001,EMP234,1,4,3
ESP001,EMP234,1,5,4
ESP001,EMP234,1,6,3
ESP001,EMP234,1,7,5
ESP001,EMP234,1,8,7
ESP001,EMP234,1,9,5
ESP001,EMP234,1,10,3
ESP001,EMP234,1,11,2
ESP001,EMP234,1,12,2
ESP001,EMP234,1,13,3
ESP001,EMP234,1,14,3
ESP001,EMP234,1,15,5
ESP001,EMP234,1,16,5
ESP001,EMP234,1,17,5
ESP001,EMP234,1,18,6
ESP001,EMP234,1,19,6
ESP001,EMP234,1,20,6
ESP001,EMP234,1,21,6
ESP001,EMP234,1,22,7
ESP001,EMP234,1,23,9
ESP001,EMP234,1,24,8
ESP001,EMP234,1,25,7
ESP001,EMP234,1,26,6
ESP001,EMP234,1,27,7
ESP001,EMP234,1,28,7
ESP001,EMP234,1,29,6
ESP001,EMP234,1,30,11
ESP001,EMP234,1,31,5
ESP001,EMP234,1,32,7
ESP001,EMP234,1,33,9
ESP001,EMP234,1,34,4
ESP001,EMP234,1,35,5
ESP001,EMP234,1,36,4
ESP001,EMP234,1,37,2
ESP001,EMP234,1,38,4
ESP001,EMP234,1,39,3
ESP001,EMP234,1,40,3
ESP001,EMP234,1,41,4
ESP001,EMP234,1,42,4
ESP001,EMP234,1,43,5
ESP001,EMP234,1,44,3
ESP001,EMP234,1,45,4
ESP001,EMP234,1,46,3
ESP001,EMP234,1,47,3
ESP001,EMP234,1,48,2
ESP001,EMP234,1,49,2
ESP001,EMP234,1,50,2
ESP001,EMP234,1,51,2
ESP002,EMP234,0,0,2
ESP002,EMP234,0,1,4
ESP002,EMP234,0,2,4
ESP002,EMP234,0,3,4
ESP002,EMP234,0,4,4
ESP002,EMP234,0,5,3
ESP002,EMP234,0,6,3
ESP002,EMP234,0,7,3
ESP002,EMP234,0,8,2
ESP002,EMP234,0,9,2
ESP002,EMP234,0,10,1
ESP002,EMP234,0,11,0
ESP002,EMP234,0,12,0
ESP002,EMP234,0,13,0
ESP002,EMP234,0,14,1
ESP002,EMP234,0,15,1
ESP002,EMP234,0,16,2
ESP002,EMP234,0,17,1
ESP002,EMP234,0,18,1
ESP002,EMP234,0,19,0
ESP002,EMP234,0,20,0
ESP002,EMP234,0,21,2
ESP002,EMP234,0,22,3
ESP002,EMP234,0,23,5
ESP002,EMP234,0,24,4
ESP002,EMP234,0,25,3
ESP002,EMP234,0,26,3
ESP002,EMP234,0,27,4
ESP002,EMP234,0,28,2
ESP002,EMP234,0,29,4
ESP002,EMP234,0,30,5
ESP002,EMP234,0,31,6
ESP002,EMP234,0,32,9
ESP002,EMP234,0,33,9
ESP002,EMP234,0,34,4
ESP002,EMP234,0,35,6
ESP002,EMP234,0,36,4
ESP002,EMP234,0,37,4
ESP002,EMP234,0,38,3
ESP002,EMP234,0,39,2
ESP002,EMP234,0,40,1
ESP002,EMP234,0,41,1
ESP002,EMP234,0,42,1
ESP002,EMP234,0,43,0
ESP002,EMP234,0,44,0
ESP002,EMP234,0,45,0
ESP002,EMP234,0,46,0
ESP002,EMP234,0,47,0
ESP002,EMP234,0,48,0
ESP002,EMP234,0,49,0
ESP002,EMP234,0,50,0
ESP002,EMP234,0,51,0
ESP002,EMP234,1,0,0
ESP002,EMP234,1,1,0
ESP002,EMP234,1,2,1
ESP002,EMP234,1,3,1
ESP002,EMP234,1,4,1
ESP002,EMP234,1,5,2
ESP002,EMP234,1,6,1
ESP002,EMP234,1,7,1
ESP002,EMP234,1,8,2
ESP002,EMP234,1,9,1
ESP002,EMP234,1,10,1
ESP002,EMP234,1,11,0
ESP002,EMP234,1,12,0
ESP002,EMP234,1,13,1
ESP002,EMP234,1,14,1
ESP002,EMP234,1,15,2
ESP002,EMP234,1,16,3
ESP002,EMP234,1,17,2
ESP002,EMP234,1,18,4
ESP002,EMP234,1,19,2
ESP002,EMP234,1,20,2
ESP002,EMP234,1,21,4
ESP002,EMP234,1,22,4
ESP002,EMP234,1,23,7
ESP002,EMP234,1,24,5
ESP002,EMP234,1,25,4
ESP002,EMP234,1,26,5
ESP002,EMP234,1,27,5
ESP002,EMP234,1,28,6
ESP002,EMP234,1,29,7
ESP002,EMP234,1,30,7
ESP002,EMP234,1,31,5
ESP002,EMP234,1,32,5
ESP002,EMP234,1,33,4
ESP002,EMP234,1,34,3
ESP002,EMP234,1,35,2
ESP002,EMP234,1,36,3
ESP002,EMP234,1,37,2
ESP002,EMP234,1,38,1
ESP002,EMP234,1,39,1
ESP002,EMP234,1,40,1
ESP002,EMP234,1,41,1
ESP002,EMP234,1,42,2
ESP002,EMP234,1,43,2
ESP002,EMP234,1,44,2
ESP002,EMP234,1,45,3
ESP002,EMP234,1,46,2
ESP002,EMP234,1,47,2
ESP002,EMP234,1,48,1
ESP002,EMP234,1,49,1
ESP002,EMP234,1,50,1
ESP002,EMP234,1,51,1
ESP003,EMP234,0,0,4
ESP003,EMP234,0,1,5
ESP003,EMP234,0,2,4
ESP003,EMP234,0,3,6
ESP003,EMP234,0,4,5
ESP003,EMP234,0,5,5
ESP003,EMP234,0,6,5
ESP003,EMP234,0,7,6
ESP003,EMP234,0,8,4
ESP003,EMP234,0,9,3
ESP003,EMP234,0,10,3
ESP003,EMP234,0,11,1
ESP003,EMP234,0,12,0
ESP003,EMP234,0,13,1
ESP003,EMP234,0,14,1
ESP003,EMP234,0,15,2
ESP003,EMP234,0,16,3
ESP003,EMP234,0,17,2
ESP003,EMP234,0,18,4
ESP003,EMP234,0,19,3
ESP003,EMP234,0,20,3
ESP003,EMP234,0,21,4
ESP003,EMP234,0,22,6
ESP003,EMP234,0,23,6
ESP003,EMP234,0,24,7
ESP003,EMP234,0,25,5
ESP003,EMP234,0,26,5
ESP003,EMP234,0,27,5
ESP003,EMP234,0,28,5
ESP003,EMP234,0,29,5
ESP003,EMP234,0,30,8
ESP003,EMP234,0,31,8
ESP003,EMP234,0,32,12
ESP003,EMP234,0,33,11
ESP003,EMP234,0,34,7
ESP003,EMP234,0,35,5
ESP003,EMP234,0,36,4
ESP003,EMP234,0,37,4
ESP003,EMP234,0,38,3
ESP003,EMP234,0,39,3
ESP003,EMP234,0,40,3
ESP003,EMP234,0,41,2
ESP003,EMP234,0,42,2
ESP003,EMP234,0,43,2
ESP003,EMP234,0,44,1
ESP003,EMP234,0,45,1
ESP003,EMP234,0,46,1
ESP003,EMP234,0,47,1
ESP003,EMP234,0,48,0
ESP003,EMP234,0,49,0
ESP003,EMP234,0,50,0
ESP003,EMP234,0,51,0
ESP003,EMP234,1,0,0
ESP003,EMP234,1,1,1
ESP003,EMP234,1,2,1
ESP003,EMP234,1,3,3
ESP003,EMP234,1,4,3
ESP003,EMP234,1,5,3
ESP003,EMP234,1,6,3
ESP003,EMP234,1,7,5
ESP003,EMP234,1,8,4
ESP003,EMP234,1,9,4
ESP003,EMP234,1,10,4
ESP003,EMP234,1,11,3
ESP003,EMP234,1,12,2
ESP003,EMP234,1,13,2
ESP003,EMP234,1,14,3
ESP003,EMP234,1,15,5
ESP003,EMP234,1,16,4
ESP003,EMP234,1,17,4
ESP003,EMP234,1,18,5
ESP003,EMP234,1,19,4
ESP003,EMP234,1,20,5
ESP003,EMP234,1,21,6
ESP003,EMP234,1,22,5
ESP003,EMP234,1,23,5
ESP003,EMP234,1,24,7
ESP003,EMP234,1,25,5
ESP003,EMP234,1,26,5
ESP003,EMP234,1,27,5
ESP003,EMP234,1,28,6
ESP003,EMP234,1,29,7
ESP003,EMP234,1,30,7
ESP003,EMP234,1,31,4
ESP003,EMP234,1,32,6
ESP003,EMP234,1,33,6
ESP003,EMP234,1,34,6
ESP003,EMP234,1,35,4
ESP003,EMP234,1,36,4
ESP003,EMP234,1,37,5
ESP003,EMP234,1,38,6
ESP003,EMP234,1,39,4
ESP003,EMP234,1,40,3
ESP003,EMP234,1,41,3
ESP003,EMP234,1,42,2
ESP003,EMP234,1,43,2
ESP003,EMP234,1,44,3
ESP003,EMP234,1,45,3
ESP003,EMP234,1,46,3
ESP003,EMP234,1,47,2
ESP003,EMP234,1,48,2
ESP003,EMP234,1,49,2
ESP003,EMP234,1,50,1
ESP003,EMP234,1,51,1
ESP004,EMP234,0,0,4
ESP004,EMP234,0,1,4
ESP004,EMP234,0,2,4
ESP004,EMP234,0,3,3
ESP004,EMP234,0,4,5
ESP004,EMP234,0,5,5
ESP004,EMP234,0,6,4
ESP004,EMP234,0,7,3
ESP004,EMP234,0,8,2
ESP004,EMP234,0,9,2
ESP004,EMP234,0,10,1
ESP004,EMP234,0,11,1
ESP004,EMP234,0,12,0
ESP004,EMP234,0,13,0
ESP004,EMP234,0,14,1
ESP004,EMP234,0,15,2
ESP004,EMP234,0,16,2
ESP004,EMP234,0,17,3
ESP004,EMP234,0,18,2
ESP004,EMP234,0,19,3
ESP004,EMP234,0,20,3
ESP004,EMP234,0,21,3
ESP004,EMP234,0,22,4
ESP004,EMP234,0,23,5
ESP004,EMP234,0,24,4
ESP004,EMP234,0,25,3
ESP004,EMP234,0,26,3
ESP004,EMP234,0,27,4
ESP004,EMP234,0,28,3
ESP004,EMP234,0,29,5
ESP004,EMP234,0,30,5
ESP004,EMP234,0,31,8
ESP004,EMP234,0,32,7
ESP004,EMP234,0,33,6
ESP004,EMP234,0,34,10
ESP004,EMP234,0,35,7
ESP004,EMP234,0,36,8
ESP004,EMP234,0,37,5
ESP004,EMP234,0,38,3
ESP004,EMP234,0,39,3
ESP004,EMP234,0,40,4
ESP004,EMP234,0,41,2
ESP004,EMP234,0,42,2
ESP004,EMP234,0,43,2
ESP004,EMP234,0,44,1
ESP004,EMP234,0,45,1
ESP004,EMP234,0,46,0
ESP004,EMP234,0,47,0
ESP004,EMP234,0,48,0
ESP004,EMP234,0,49,0
ESP004,EMP234,0,50,0
ESP004,EMP234,0,51,0
ESP004,EMP234,1,0,0
ESP004,EMP234,1,1,0
ESP004,EMP234,1,2,1
ESP004,EMP234,1,3,2
ESP004,EMP234,1,4,1
ESP004,EMP234,1,5,2
ESP004,EMP234,1,6,3
ESP004,EMP234,1,7,3
ESP004,EMP234,1,8,3
ESP004,EMP234,1,9,2
ESP004,EMP234,1,10,2
ESP004,EMP234,1,11,1
ESP004,EMP234,1,12,1
ESP004,EMP234,1,13,2
ESP004,EMP234,1,14,2
ESP004,EMP234,1,15,3
ESP004,EMP234,1,16,4
ESP004,EMP234,1,17,4
ESP004,EMP234,1,18,5
ESP004,EMP234,1,19,4
ESP004,EMP234,1,20,6
ESP004,EMP234,1,21,6
ESP004,EMP234,1,22,6
ESP004,EMP234,1,23,7
ESP004,EMP234,1,24,6
ESP004,EMP234,1,25,5
ESP004,EMP234,1,26,5
ESP004,EMP234,1,27,7
ESP004,EMP234,1,28,5
ESP004,EMP234,1,29,7
ESP004,EMP234,1,30,6
ESP004,EMP234,1,31,6
ESP004,EMP234,1,32,7
ESP004,EMP234,1,33,5
ESP004,EMP234,1,34,5
ESP004,EMP234,1,35,4
ESP004,EMP234,1,36,3
ESP004,EMP234,1,37,3
ESP004,EMP234,1,38,3
ESP004,EMP234,1,39,3
ESP004,EMP234,1,40,3
ESP004,EMP234,1,41,3
ESP004,EMP234,1,42,2
ESP004,EMP234,1,43,3
ESP004,EMP234,1,44,3
ESP004,EMP234,1,45,2
ESP004,EMP234,1,46,2
ESP004,EMP234,1,47,2
ESP004,EMP234,1,48,1
ESP004,EMP234,1,49,2
ESP004,EMP234,1,50,1
ESP004,EMP234,1,51,1
ESP005,EMP234,0,0,4
ESP005,EMP234,0,1,3
ESP005,EMP234,0,2,4
ESP005,EMP234,0,3,3
ESP005,EMP234,0,4,5
ESP005,EMP234,0,5,3
ESP005,EMP234,0,6,2
ESP005,EMP234,0,7,2
ESP005,EMP234,0,8,3
ESP005,EMP234,0,9,1
ESP005,EMP234,0,10,1
ESP005,EMP234,0,11,1
ESP005,EMP234,0,12,1
ESP005,EMP234,0,13,1
ESP005,EMP234,0,14,1
ESP005,EMP234,0,15,2
ESP005,EMP234,0,16,2
ESP005,EMP234,0,17,2
ESP005,EMP234,0,18,1
ESP005,EMP234,0,19,2
ESP005,EMP234,0,20,2
ESP005,EMP234,0,21,4
ESP005,EMP234,0,22,4
ESP005,EMP234,0,23,7
ESP005,EMP234,0,24,5
ESP005,EMP234,0,25,5
ESP005,EMP234,0,26,2
ESP005,EMP234,0,27,3
ESP005,EMP234,0,28,2
ESP005,EMP234,0,29,3
ESP005,EMP234,0,30,5
ESP005,EMP234,0,31,6
ESP005,EMP234,0,32,5
ESP005,EMP234,0,33,7
ESP005,EMP234,0,34,6
ESP005,EMP234,0,35,4
ESP005,EMP234,0,36,5
ESP005,EMP234,0,37,3
ESP005,EMP234,0,38,2
ESP005,EMP234,0,39,1
ESP005,EMP234,0,40,2
ESP005,EMP234,0,41,2
ESP005,EMP234,0,42,2
ESP005,EMP234,0,43,1
ESP005,EMP234,0,44,1
ESP005,EMP234,0,45,1
ESP005,EMP234,0,46,0
ESP005,EMP234,0,47,0
ESP005,EMP234,0,48,0
ESP005,EMP234,0,49,0
ESP005,EMP234,0,50,0
ESP005,EMP234,0,51,0
ESP005,EMP234,1,0,0
ESP005,EMP234,1,1,0
ESP005,EMP234,1,2,0
ESP005,EMP234,1,3,1
ESP005,EMP234,1,4,1
ESP005,EMP234,1,5,1
ESP005,EMP234,1,6,2
ESP005,EMP234,1,7,2
ESP005,EMP234,1,8,4
ESP005,EMP234,1,9,4
ESP005,EMP234,1,10,2
ESP005,EMP234,1,11,3
ESP005,EMP234,1,12,2
ESP005,EMP234,1,13,2
ESP005,EMP234,1,14,3
ESP005,EMP234,1,15,2
ESP005,EMP234,1,16,3
ESP005,EMP234,1,17,3
ESP005,EMP234,1,18,3
ESP005,EMP234,1,19,4
ESP005,EMP234,1,20,3
ESP005,EMP234,1,21,6
ESP005,EMP234,1,22,6
ESP005,EMP234,1,23,8
ESP005,EMP234,1,24,11
ESP005,EMP234,1,25,8
ESP005,EMP234,1,26,2
ESP005,EMP234,1,27,4
ESP005,EMP234,1,28,4
ESP005,EMP234,1,29,4
ESP005,EMP234,1,30,3
ESP005,EMP234,1,31,4
ESP005,EMP234,1,32,3
ESP005,EMP234,1,33,2
ESP005,EMP234,1,34,3
ESP005,EMP234,1,35,4
ESP005,EMP234,1,36,2
ESP005,EMP234,1,37,4
ESP005,EMP234,1,38,2
ESP005,EMP234,1,39,2
ESP005,EMP234,1,40,2
ESP005,EMP234,1,41,2
ESP005,EMP234,1,42,3
ESP005,EMP234,1,43,3
ESP005,EMP234,1,44,3
ESP005,EMP234,1,45,3
ESP005,EMP234,1,46,3
ESP005,EMP234,1,47,3
ESP005,EMP234,1,48,3
ESP005,EMP234,1,49,3
ESP005,EMP234,1,50,4
ESP005,EMP234,1,51,3
ESP006,EMP234,0,0,4
ESP006,EMP234,0,1,8
ESP006,EMP234,0,2,7
ESP006,EMP234,0,3,3
ESP006,EMP234,0,4,7
ESP006,EMP234,0,5,5
ESP006,EMP234,0,6,7
ESP006,EMP234,0,7,4
ESP006,EMP234,0,8,7
ESP006,EMP234,0,9,5
ESP006,EMP234,0,10,4
ESP006,EMP234,0,11,4
ESP006,EMP234,0,12,2
ESP006,EMP234,0,13,3
ESP006,EMP234,0,14,3
ESP006,EMP234,0,15,4
ESP006,EMP234,0,16,7
ESP006,EMP234,0,17,3
ESP006,EMP234,0,18,5
ESP006,EMP234,0,19,3
ESP006,EMP234,0,20,4
ESP006,EMP234,0,21,4
ESP006,EMP234,0,22,4
ESP006,EMP234,0,23,7
ESP006,EMP234,0,24,7
ESP006,EMP234,0,25,7
ESP006,EMP234,0,26,5
ESP006,EMP234,0,27,4
ESP006,EMP234,0,28,3
ESP006,EMP234,0,29,4
ESP006,EMP234,0,30,8
ESP006,EMP234,0,31,11
ESP006,EMP234,0,32,9
ESP006,EMP234,0,33,5
ESP006,EMP234,0,34,6
ESP006,EMP234,0,35,5
ESP006,EMP234,0,36,4
ESP006,EMP234,0,37,5
ESP006,EMP234,0,38,7
ESP006,EMP234,0,39,4
ESP006,EMP234,0,40,4
ESP006,EMP234,0,41,4
ESP006,EMP234,0,42,4
ESP006,EMP234,0,43,3
ESP006,EMP234,0,44,3
ESP006,EMP234,0,45,2
ESP006,EMP234,0,46,3
ESP006,EMP234,0,47,2
ESP006,EMP234,0,48,2
ESP006,EMP234,0,49,2
ESP006,EMP234,0,50,2
ESP006,EMP234,0,51,2
ESP006,EMP234,1,0,1
ESP006,EMP234,1,1,3
ESP006,EMP234,1,2,2
ESP006,EMP234,1,3,3
ESP006,EMP234,1,4,4
ESP006,EMP234,1,5,3
ESP006,EMP234,1,6,4
ESP006,EMP234,1,7,5
ESP006,EMP234,1,8,5
ESP006,EMP234,1,9,5
ESP006,EMP234,1,10,5
ESP006,EMP234,1,11,5
ESP006,EMP234,1,12,4
ESP006,EMP234,1,13,5
ESP006,EMP234,1,14,4
ESP006,EMP234,1,15,4
ESP006,EMP234,1,16,5
ESP006,EMP234,1,17,6
ESP006,EMP234,1,18,5
ESP006,EMP234,1,19,2
ESP006,EMP234,1,20,4
ESP006,EMP234,1,21,7
ESP006,EMP234,1,22,9
ESP006,EMP234,1,23,9
ESP006,EMP234,1,24,9
ESP006,EMP234,1,25,10
ESP006,EMP234,1,26,2
ESP006,EMP234,1,27,5
ESP006,EMP234,1,28,5
ESP006,EMP234,1,29,3
ESP006,EMP234,1,30,7
ESP006,EMP234,1,31,6
ESP006,EMP234,1,32,6
ESP006,EMP234,1,33,6
ESP006,EMP234,1,34,2
ESP006,EMP234,1,35,5
ESP006,EMP234,1,36,4
ESP006,EMP234,1,37,5
ESP006,EMP234,1,38,2
ESP006,EMP234,1,39,4
ESP006,EMP234,1,40,4
ESP006,EMP234,1,41,4
ESP006,EMP234,1,42,3
ESP006,EMP234,1,43,5
ESP006,EMP234,1,44,3
ESP006,EMP234,1,45,3
ESP006,EMP234,1,46,5
ESP006,EMP234,1,47,5
ESP006,EMP234,1,48,6
ESP006,EMP234,1,49,6
ESP006,EMP234,1,50,6
ESP006,EMP234,1,51,9
ESP007,EMP234,0,0,2
ESP007,EMP234,0,1,2
ESP007,EMP234,0,2,2
ESP007,EMP234,0,3,2
ESP007,EMP234,0,4,1
ESP007,EMP234,0,5,3
ESP007,EMP234,0,6,2
ESP007,EMP234,0,7,1
ESP007,EMP234,0,8,1
ESP007,EMP234,0,9,1
ESP007,EMP234,0,10,1
ESP007,EMP234,0,11,0
ESP007,EMP234,0,12,0
ESP007,EMP234,0,13,0
ESP007,EMP234,0,14,0
ESP007,EMP234,0,15,1
ESP007,EMP234,0,16,2
ESP007,EMP234,0,17,1
ESP007,EMP234,0,18,1
ESP007,EMP234,0,19,1
ESP007,EMP234,0,20,1
ESP007,EMP234,0,21,2
ESP007,EMP234,0,22,2
ESP007,EMP234,0,23,3
ESP007,EMP234,0,24,6
ESP007,EMP234,0,25,4
ESP007,EMP234,0,26,2
ESP007,EMP234,0,27,2
ESP007,EMP234,0,28,2
ESP007,EMP234,0,29,3
ESP007,EMP234,0,30,4
ESP007,EMP234,0,31,3
ESP007,EMP234,0,32,3
ESP007,EMP234,0,33,4
ESP007,EMP234,0,34,5
ESP007,EMP234,0,35,3
ESP007,EMP234,0,36,4
ESP007,EMP234,0,37,3
ESP007,EMP234,0,38,2
ESP007,EMP234,0,39,2
ESP007,EMP234,0,40,1
ESP007,EMP234,0,41,1
ESP007,EMP234,0,42,1
ESP007,EMP234,0,43,1
ESP007,EMP234,0,44,0
ESP007,EMP234,0,45,0
ESP007,EMP234,0,46,0
ESP007,EMP234,0,47,0
ESP007,EMP234,0,48,0
ESP007,EMP234,0,49,0
ESP007,EMP234,0,50,0
ESP007,EMP234,0,51,0
ESP007,EMP234,1,0,0
ESP007,EMP234,1,1,0
ESP007,EMP234,1,2,0
ESP007,EMP234,1,3,0
ESP007,EMP234,1,4,1
ESP007,EMP234,1,5,1
ESP007,EMP234,1,6,2
ESP007,EMP234,1,7,1
ESP007,EMP234,1,8,2
ESP007,EMP234,1,9,2
ESP007,EMP234,1,10,1
ESP007,EMP234,1,11,1
ESP007,EMP234,1,12,0
ESP007,EMP234,1,13,1
ESP007,EMP234,1,14,1
ESP007,EMP234,1,15,2
ESP007,EMP234,1,16,3
ESP007,EMP234,1,17,3
ESP007,EMP234,1,18,3
ESP007,EMP234,1,19,2
ESP007,EMP234,1,20,3
ESP007,EMP234,1,21,3
ESP007,EMP234,1,22,4
ESP007,EMP234,1,23,6
ESP007,EMP234,1,24,5
ESP007,EMP234,1,25,5
ESP007,EMP234,1,26,3
ESP007,EMP234,1,27,4
ESP007,EMP234,1,28,3
ESP007,EMP234,1,29,2
ESP007,EMP234,1,30,4
ESP007,EMP234,1,31,4
ESP007,EMP234,1,32,2
ESP007,EMP234,1,33,2
ESP007,EMP234,1,34,3
ESP007,EMP234,1,35,2
ESP007,EMP234,1,36,2
ESP007,EMP234,1,37,2
ESP007,EMP234,1,38,2
ESP007,EMP234,1,39,2
ESP007,EMP234,1,40,2
ESP007,EMP234,1,41,1
ESP007,EMP234,1,42,2
ESP007,EMP234,1,43,1
ESP007,EMP234,1,44,1
ESP007,EMP234,1,45,2
ESP007,EMP234,1,46,1
ESP007,EMP234,1,47,2
ESP007,EMP234,1,48,2
ESP007,EMP234,1,49,2
ESP007,EMP234,1,50,2
ESP007,EMP234,1,51,2
ESP008,EMP234,0,0,1
ESP008,EMP234,0,1,1
ESP008,EMP234,0,2,1
ESP008,EMP234,0,3,2
ESP008,EMP234,0,4,2
ESP008,EMP234,0,5,2
ESP008,EMP234,0,6,2
ESP008,EMP234,0,7,2
ESP008,EMP234,0,8,2
ESP008,EMP234,0,9,1
ESP008,EMP234,0,10,0
ESP008,EMP234,0,11,0
ESP008,EMP234,0,12,0
ESP008,EMP234,0,13,0
ESP008,EMP234,0,14,1
ESP008,EMP234,0,15,2
ESP008,EMP234,0,16,2
ESP008,EMP234,0,17,1
ESP008,EMP234,0,18,1
ESP008,EMP234,0,19,2
ESP008,EMP234,0,20,1
ESP008,EMP234,0,21,2
ESP008,EMP234,0,22,2
ESP008,EMP234,0,23,3
ESP008,EMP234,0,24,4
ESP008,EMP234,0,25,5
ESP008,EMP234,0,26,2
ESP008,EMP234,0,27,3
ESP008,EMP234,0,28,2
ESP008,EMP234,0,29,2
ESP008,EMP234,0,30,2
ESP008,EMP234,0,31,4
ESP008,EMP234,0,32,4
ESP008,EMP234,0,33,4
ESP008,EMP234,0,34,3
ESP008,EMP234,0,35,1
ESP008,EMP234,0,36,2
ESP008,EMP234,0,37,4
ESP008,EMP234,0,38,2
ESP008,EMP234,0,39,1
ESP008,EMP234,0,40,1
ESP008,EMP234,0,41,1
ESP008,EMP234,0,42,1
ESP008,EMP234,0,43,1
ESP008,EMP234,0,44,1
ESP008,EMP234,0,45,1
ESP008,EMP234,0,46,1
ESP008,EMP234,0,47,1
ESP008,EMP234,0,48,0
ESP008,EMP234,0,49,0
ESP008,EMP234,0,50,0
ESP008,EMP234,0,51,0
ESP008,EMP234,1,0,0
ESP008,EMP234,1,1,0
ESP008,EMP234,1,2,0
ESP008,EMP234,1,3,1
ESP008,EMP234,1,4,1
ESP008,EMP234,1,5,1
ESP008,EMP234,1,6,1
ESP008,EMP234,1,7,1
ESP008,EMP234,1,8,2
ESP008,EMP234,1,9,1
ESP008,EMP234,1,10,1
ESP008,EMP234,1,11,1
ESP008,EMP234,1,12,1
ESP008,EMP234,1,13,1
ESP008,EMP234,1,14,2
ESP008,EMP234,1,15,2
ESP008,EMP234,1,16,2
ESP008,EMP234,1,17,3
ESP008,EMP234,1,18,2
ESP008,EMP234,1,19,3
ESP008,EMP234,1,20,3
ESP008,EMP234,1,21,3
ESP008,EMP234,1,22,5
ESP008,EMP234,1,23,5
ESP008,EMP234,1,24,8
ESP008,EMP234,1,25,6
ESP008,EMP234,1,26,2
ESP008,EMP234,1,27,3
ESP008,EMP234,1,28,3
ESP008,EMP234,1,29,3
ESP008,EMP234,1,30,2
ESP008,EMP234,1,31,2
ESP008,EMP234,1,32,4
ESP008,EMP234,1,33,3
ESP008,EMP234,1,34,2
ESP008,EMP234,1,35,1
ESP008,EMP234,1,36,1
ESP008,EMP234,1,37,2
ESP008,EMP234,1,38,1
ESP008,EMP234,1,39,2
ESP008,EMP234,1,40,1
ESP008,EMP234,1,41,1
ESP008,EMP234,1,42,1
ESP008,EMP234,1,43,1
ESP008,EMP234,1,44,1
ESP008,EMP234,1,45,3
ESP008,EMP234,1,46,2
ESP008,EMP234,1,47,1
ESP008,EMP234,1,48,2
ESP008,EMP234,1,49,2
ESP008,EMP234,1,50,2
ESP008,EMP234,1,51,3
ESP001,EMP244,0,0,9
ESP001,EMP244,0,1,8
ESP001,EMP244,0,2,10
ESP001,EMP244,0,3,9
ESP001,EMP244,0,4,11
ESP001,EMP244,0,5,9
ESP001,EMP244,0,6,11
ESP001,EMP244,0,7,11
ESP001,EMP244,0,8,8
ESP001,EMP244,0,9,9
ESP001,EMP244,0,10,7
ESP001,EMP244,0,11,8
ESP001,EMP244,0,12,8
ESP001,EMP244,0,13,7
ESP001,EMP244,0,14,8
ESP001,EMP244,0,15,9
ESP001,EMP244,0,16,7
ESP001,EMP244,0,17,7
ESP001,EMP244,0,18,8
ESP001,EMP244,0,19,9
ESP001,EMP244,0,20,10
ESP001,EMP244,0,21,12
ESP001,EMP244,0,22,12
ESP001,EMP244,0,23,12
ESP001,EMP244,0,24,11
ESP001,EMP244,0,25,9
ESP001,EMP244,0,26,9
ESP001,EMP244,0,27,13
ESP001,EMP244,0,28,9
ESP001,EMP244,0,29,7
ESP001,EMP244,0,30,12
ESP001,EMP244,0,31,9
ESP001,EMP244,0,32,10
ESP001,EMP244,0,33,6
ESP001,EMP244,0,34,14
ESP001,EMP244,0,35,8
ESP001,EMP244,0,36,8
ESP001,EMP244,0,37,7
ESP001,EMP244,0,38,10
ESP001,EMP244,0,39,10
ESP001,EMP244,0,40,8
ESP001,EMP244,0,41,8
ESP001,EMP244,0,42,15
ESP001,EMP244,0,43,10
ESP001,EMP244,0,44,12
ESP001,EMP244,0,45,8
ESP001,EMP244,0,46,10
ESP001,EMP244,0,47,10
ESP001,EMP244,0,48,11
ESP001,EMP244,0,49,7
ESP001,EMP244,0,50,7
ESP001,EMP244,0,51,6
ESP001,EMP244,1,0,10
ESP001,EMP244,1,1,12
ESP001,EMP244,1,2,10
ESP001,EMP244,1,3,11
ESP001,EMP244,1,4,9
ESP001,EMP244,1,5,10
ESP001,EMP244,1,6,10
ESP001,EMP244,1,7,10
ESP001,EMP244,1,8,14
ESP001,EMP244,1,9,11
ESP001,EMP244,1,10,10
ESP001,EMP244,1,11,5
ESP001,EMP244,1,12,7
ESP001,EMP244,1,13,6
ESP001,EMP244,1,14,6
ESP001,EMP244,1,15,9
ESP001,EMP244,1,16,10
ESP001,EMP244,1,17,13
ESP001,EMP244,1,18,10
ESP001,EMP244,1,19,9
ESP001,EMP244,1,20,13
ESP001,EMP244,1,21,10
ESP001,EMP244,1,22,11
ESP001,EMP244,1,23,18
ESP001,EMP244,1,24,17
ESP001,EMP244,1,25,18
ESP001,EMP244,1,26,9
ESP001,EMP244,1,27,8
ESP001,EMP244,1,28,15
ESP001,EMP244,1,29,8
ESP001,EMP244,1,30,11
ESP001,EMP244,1,31,12
ESP001,EMP244,1,32,13
ESP001,EMP244,1,33,10
ESP001,EMP244,1,34,11
ESP001,EMP244,1,35,10
ESP001,EMP244,1,36,9
ESP001,EMP244,1,37,12
ESP001,EMP244,1,38,6
ESP001,EMP244,1,39,9
ESP001,EMP244,1,40,13
ESP001,EMP244,1,41,9
ESP001,EMP244,1,42,13
ESP001,EMP244,1,43,11
ESP001,EMP244,1,44,9
ESP001,EMP244,1,45,10
ESP001,EMP244,1,46,11
ESP001,EMP244,1,47,11
ESP001,EMP244,1,48,10
ESP001,EMP244,1,49,10
ESP001,EMP244,1,50,14
ESP001,EMP244,1,51,17
ESP002,EMP244,0,0,6
ESP002,EMP244,0,1,4
ESP002,EMP244,0,2,5
ESP002,EMP244,0,3,9
ESP002,EMP244,0,4,7
ESP002,EMP244,0,5,7
ESP002,EMP244,0,6,8
ESP002,EMP244,0,7,6
ESP002,EMP244,0,8,6
ESP002,EMP244,0,9,5
ESP002,EMP244,0,10,5
ESP002,EMP244,0,11,3
ESP002,EMP244,0,12,3
ESP002,EMP244,0,13,3
ESP002,EMP244,0,14,2
ESP002,EMP244,0,15,3
ESP002,EMP244,0,16,3
ESP002,EMP244,0,17,3
ESP002,EMP244,0,18,4
ESP002,EMP244,0,19,3
ESP002,EMP244,0,20,4
ESP002,EMP244,0,21,5
ESP002,EMP244,0,22,4
ESP002,EMP244,0,23,4
ESP002,EMP244,0,24,7
ESP002,EMP244,0,25,4
ESP002,EMP244,0,26,5
ESP002,EMP244,0,27,7
ESP002,EMP244,0,28,6
ESP002,EMP244,0,29,9
ESP002,EMP244,0,30,8
ESP002,EMP244,0,31,9
ESP002,EMP244,0,32,8
ESP002,EMP244,0,33,9
ESP002,EMP244,0,34,7
ESP002,EMP244,0,35,6
ESP002,EMP244,0,36,6
ESP002,EMP244,0,37,6
ESP002,EMP244,0,38,8
ESP002,EMP244,0,39,9
ESP002,EMP244,0,40,6
ESP002,EMP244,0,41,5
ESP002,EMP244,0,42,4
ESP002,EMP244,0,43,7
ESP002,EMP244,0,44,6
ESP002,EMP244,0,45,7
ESP002,EMP244,0,46,8
ESP002,EMP244,0,47,7
ESP002,EMP244,0,48,7
ESP002,EMP244,0,49,4
ESP002,EMP244,0,50,4
ESP002,EMP244,0,51,3
ESP002,EMP244,1,0,4
ESP002,EMP244,1,1,5
ESP002,EMP244,1,2,4
ESP002,EMP244,1,3,5
ESP002,EMP244,1,4,7
ESP002,EMP244,1,5,8
ESP002,EMP244,1,6,6
ESP002,EMP244,1,7,6
ESP002,EMP244,1,8,7
ESP002,EMP244,1,9,5
ESP002,EMP244,1,10,5
ESP002,EMP244,1,11,3
ESP002,EMP244,1,12,4
ESP002,EMP244,1,13,4
ESP002,EMP244,1,14,3
ESP002,EMP244,1,15,3
ESP002,EMP244,1,16,3
ESP002,EMP244,1,17,4
ESP002,EMP244,1,18,4
ESP002,EMP244,1,19,3
ESP002,EMP244,1,20,4
ESP002,EMP244,1,21,4
ESP002,EMP244,1,22,8
ESP002,EMP244,1,23,5
ESP002,EMP244,1,24,7
ESP002,EMP244,1,25,8
ESP002,EMP244,1,26,5
ESP002,EMP244,1,27,6
ESP002,EMP244,1,28,6
ESP002,EMP244,1,29,7
ESP002,EMP244,1,30,8
ESP002,EMP244,1,31,9
ESP002,EMP244,1,32,10
ESP002,EMP244,1,33,10
ESP002,EMP244,1,34,7
ESP002,EMP244,1,35,6
ESP002,EMP244,1,36,8
ESP002,EMP244,1,37,6
ESP002,EMP244,1,38,7
ESP002,EMP244,1,39,7
ESP002,EMP244,1,40,5
ESP002,EMP244,1,41,5
ESP002,EMP244,1,42,6
ESP002,EMP244,1,43,6
ESP002,EMP244,1,44,6
ESP002,EMP244,1,45,5
ESP002,EMP244,1,46,4
ESP002,EMP244,1,47,5
ESP002,EMP244,1,48,3
ESP002,EMP244,1,49,5
ESP002,EMP244,1,50,4
ESP002,EMP244,1,51,2
ESP003,EMP244,0,0,3
ESP003,EMP244,0,1,7
ESP003,EMP244,0,2,5
ESP003,EMP244,0,3,7
ESP003,EMP244,0,4,8
ESP003,EMP244,0,5,7
ESP003,EMP244,0,6,9
ESP003,EMP244,0,7,7
ESP003,EMP244,0,8,7
ESP003,EMP244,0,9,4
ESP003,EMP244,0,10,4
ESP003,EMP244,0,11,3
ESP003,EMP244,0,12,3
ESP003,EMP244,0,13,3
ESP003,EMP244,0,14,3
ESP003,EMP244,0,15,4
ESP003,EMP244,0,16,5
ESP003,EMP244,0,17,4
ESP003,EMP244,0,18,5
ESP003,EMP244,0,19,4
ESP003,EMP244,0,20,5
ESP003,EMP244,0,21,5
ESP003,EMP244,0,22,7
ESP003,EMP244,0,23,6
ESP003,EMP244,0,24,7
ESP003,EMP244,0,25,6
ESP003,EMP244,0,26,5
ESP003,EMP244,0,27,6
ESP003,EMP244,0,28,6
ESP003,EMP244,0,29,8
ESP003,EMP244,0,30,7
ESP003,EMP244,0,31,6
ESP003,EMP244,0,32,6
ESP003,EMP244,0,33,7
ESP003,EMP244,0,34,5
ESP003,EMP244,0,35,6
ESP003,EMP244,0,36,7
ESP003,EMP244,0,37,6
ESP003,EMP244,0,38,4
ESP003,EMP244,0,39,6
ESP003,EMP244,0,40,8
ESP003,EMP244,0,41,6
ESP003,EMP244,0,42,7
ESP003,EMP244,0,43,9
ESP003,EMP244,0,44,6
ESP003,EMP244,0,45,5
ESP003,EMP244,0,46,6
ESP003,EMP244,0,47,6
ESP003,EMP244,0,48,4
ESP003,EMP244,0,49,6
ESP003,EMP244,0,50,5
ESP003,EMP244,0,51,2
ESP003,EMP244,1,0,5
ESP003,EMP244,1,1,4
ESP003,EMP244,1,2,6
ESP003,EMP244,1,3,8
ESP003,EMP244,1,4,10
ESP003,EMP244,1,5,8
ESP003,EMP244,1,6,8
ESP003,EMP244,1,7,5
ESP003,EMP244,1,8,7
ESP003,EMP244,1,9,8
ESP003,EMP244,1,10,4
ESP003,EMP244,1,11,5
ESP003,EMP244,1,12,4
ESP003,EMP244,1,13,4
ESP003,EMP244,1,14,3
ESP003,EMP244,1,15,4
ESP003,EMP244,1,16,4
ESP003,EMP244,1,17,3
ESP003,EMP244,1,18,4
ESP003,EMP244,1,19,5
ESP003,EMP244,1,20,5
ESP003,EMP244,1,21,5
ESP003,EMP244,1,22,6
ESP003,EMP244,1,23,9
ESP003,EMP244,1,24,7
ESP003,EMP244,1,25,4
ESP003,EMP244,1,26,6
ESP003,EMP244,1,27,7
ESP003,EMP244,1,28,10
ESP003,EMP244,1,29,7
ESP003,EMP244,1,30,10
ESP003,EMP244,1,31,10
ESP003,EMP244,1,32,7
ESP003,EMP244,1,33,6
ESP003,EMP244,1,34,7
ESP003,EMP244,1,35,7
ESP003,EMP244,1,36,5
ESP003,EMP244,1,37,5
ESP003,EMP244,1,38,3
ESP003,EMP244,1,39,5
ESP003,EMP244,1,40,6
ESP003,EMP244,1,41,6
ESP003,EMP244,1,42,6
ESP003,EMP244,1,43,5
ESP003,EMP244,1,44,7
ESP003,EMP244,1,45,4
ESP003,EMP244,1,46,6
ESP003,EMP244,1,47,6
ESP003,EMP244,1,48,5
ESP003,EMP244,1,49,2
ESP003,EMP244,1,50,4
ESP003,EMP244,1,51,3
ESP004,EMP244,0,0,6
ESP004,EMP244,0,1,6
ESP004,EMP244,0,2,7
ESP004,EMP244,0,3,6
ESP004,EMP244,0,4,10
ESP004,EMP244,0,5,7
ESP004,EMP244,0,6,8
ESP004,EMP244,0,7,7
ESP004,EMP244,0,8,5
ESP004,EMP244,0,9,5
ESP004,EMP244,0,10,4
ESP004,EMP244,0,11,3
ESP004,EMP244,0,12,3
ESP004,EMP244,0,13,3
ESP004,EMP244,0,14,3
ESP004,EMP244,0,15,3
ESP004,EMP244,0,16,4
ESP004,EMP244,0,17,3
ESP004,EMP244,0,18,3
ESP004,EMP244,0,19,3
ESP004,EMP244,0,20,4
ESP004,EMP244,0,21,6
ESP004,EMP244,0,22,4
ESP004,EMP244,0,23,6
ESP004,EMP244,0,24,11
ESP004,EMP244,0,25,4
ESP004,EMP244,0,26,10
ESP004,EMP244,0,27,7
ESP004,EMP244,0,28,5
ESP004,EMP244,0,29,7
ESP004,EMP244,0,30,8
ESP004,EMP244,0,31,6
ESP004,EMP244,0,32,7
ESP004,EMP244,0,33,8
ESP004,EMP244,0,34,9
ESP004,EMP244,0,35,6
ESP004,EMP244,0,36,6
ESP004,EMP244,0,37,4
ESP004,EMP244,0,38,7
ESP004,EMP244,0,39,6
ESP004,EMP244,0,40,6
ESP004,EMP244,0,41,7
ESP004,EMP244,0,42,5
ESP004,EMP244,0,43,5
ESP004,EMP244,0,44,7
ESP004,EMP244,0,45,7
ESP004,EMP244,0,46,6
ESP004,EMP244,0,47,5
ESP004,EMP244,0,48,6
ESP004,EMP244,0,49,6
ESP004,EMP244,0,50,6
ESP004,EMP244,0,51,5
ESP004,EMP244,1,0,5
ESP004,EMP244,1,1,5
ESP004,EMP244,1,2,7
ESP004,EMP244,1,3,7
ESP004,EMP244,1,4,9
ESP004,EMP244,1,5,5
ESP004,EMP244,1,6,8
ESP004,EMP244,1,7,9
ESP004,EMP244,1,8,7
ESP004,EMP244,1,9,7
ESP004,EMP244,1,10,6
ESP004,EMP244,1,11,5
ESP004,EMP244,1,12,4
ESP004,EMP244,1,13,4
ESP004,EMP244,1,14,4
ESP004,EMP244,1,15,3
ESP004,EMP244,1,16,3
ESP004,EMP244,1,17,3
ESP004,EMP244,1,18,3
ESP004,EMP244,1,19,4
ESP004,EMP244,1,20,5
ESP004,EMP244,1,21,6
ESP004,EMP244,1,22,6
ESP004,EMP244,1,23,6
ESP004,EMP244,1,24,8
ESP004,EMP244,1,25,7
ESP004,EMP244,1,26,5
ESP004,EMP244,1,27,6
ESP004,EMP244,1,28,7
ESP004,EMP244,1,29,5
ESP004,EMP244,1,30,9
ESP004,EMP244,1,31,10
ESP004,EMP244,1,32,8
ESP004,EMP244,1,33,9
ESP004,EMP244,1,34,8
ESP004,EMP244,1,35,5
ESP004,EMP244,1,36,5
ESP004,EMP244,1,37,4
ESP004,EMP244,1,38,8
ESP004,EMP244,1,39,6
ESP004,EMP244,1,40,7
ESP004,EMP244,1,41,7
ESP004,EMP244,1,42,6
ESP004,EMP244,1,43,7
ESP004,EMP244,1,44,6
ESP004,EMP244,1,45,5
ESP004,EMP244,1,46,6
ESP004,EMP244,1,47,4
ESP004,EMP244,1,48,7
ESP004,EMP244,1,49,5
ESP004,EMP244,1,50,6
ESP004,EMP244,1,51,3
ESP005,EMP244,0,0,9
ESP005,EMP244,0,1,8
ESP005,EMP244,0,2,9
ESP005,EMP244,0,3,9
ESP005,EMP244,0,4,10
ESP005,EMP244,0,5,8
ESP005,EMP244,0,6,7
ESP005,EMP244,0,7,11
ESP005,EMP244,0,8,9
ESP005,EMP244,0,9,8
ESP005,EMP244,0,10,5
ESP005,EMP244,0,11,7
ESP005,EMP244,0,12,6
ESP005,EMP244,0,13,7
ESP005,EMP244,0,14,8
ESP005,EMP244,0,15,5
ESP005,EMP244,0,16,8
ESP005,EMP244,0,17,7
ESP005,EMP244,0,18,9
ESP005,EMP244,0,19,7
ESP005,EMP244,0,20,8
ESP005,EMP244,0,21,9
ESP005,EMP244,0,22,13
ESP005,EMP244,0,23,11
ESP005,EMP244,0,24,9
ESP005,EMP244,0,25,7
ESP005,EMP244,0,26,6
ESP005,EMP244,0,27,7
ESP005,EMP244,0,28,8
ESP005,EMP244,0,29,8
ESP005,EMP244,0,30,10
ESP005,EMP244,0,31,8
ESP005,EMP244,0,32,11
ESP005,EMP244,0,33,10
ESP005,EMP244,0,34,12
ESP005,EMP244,0,35,9
ESP005,EMP244,0,36,8
ESP005,EMP244,0,37,9
ESP005,EMP244,0,38,8
ESP005,EMP244,0,39,6
ESP005,EMP244,0,40,6
ESP005,EMP244,0,41,11
ESP005,EMP244,0,42,8
ESP005,EMP244,0,43,8
ESP005,EMP244,0,44,8
ESP005,EMP244,0,45,11
ESP005,EMP244,0,46,9
ESP005,EMP244,0,47,6
ESP005,EMP244,0,48,7
ESP005,EMP244,0,49,7
ESP005,EMP244,0,50,7
ESP005,EMP244,0,51,5
ESP005,EMP244,1,0,6
ESP005,EMP244,1,1,8
ESP005,EMP244,1,2,10
ESP005,EMP244,1,3,11
ESP005,EMP244,1,4,7
ESP005,EMP244,1,5,9
ESP005,EMP244,1,6,7
ESP005,EMP244,1,7,9
ESP005,EMP244,1,8,10
ESP005,EMP244,1,9,11
ESP005,EMP244,1,10,6
ESP005,EMP244,1,11,9
ESP005,EMP244,1,12,8
ESP005,EMP244,1,13,7
ESP005,EMP244,1,14,6
ESP005,EMP244,1,15,7
ESP005,EMP244,1,16,7
ESP005,EMP244,1,17,7
ESP005,EMP244,1,18,8
ESP005,EMP244,1,19,7
ESP005,EMP244,1,20,10
ESP005,EMP244,1,21,7
ESP005,EMP244,1,22,8
ESP005,EMP244,1,23,10
ESP005,EMP244,1,24,10
ESP005,EMP244,1,25,5
ESP005,EMP244,1,26,6
ESP005,EMP244,1,27,10
ESP005,EMP244,1,28,8
ESP005,EMP244,1,29,12
ESP005,EMP244,1,30,11
ESP005,EMP244,1,31,10
ESP005,EMP244,1,32,11
ESP005,EMP244,1,33,14
ESP005,EMP244,1,34,7
ESP005,EMP244,1,35,9
ESP005,EMP244,1,36,10
ESP005,EMP244,1,37,7
ESP005,EMP244,1,38,7
ESP005,EMP244,1,39,9
ESP005,EMP244,1,40,10
ESP005,EMP244,1,41,8
ESP005,EMP244,1,42,7
ESP005,EMP244,1,43,8
ESP005,EMP244,1,44,4
ESP005,EMP244,1,45,9
ESP005,EMP244,1,46,8
ESP005,EMP244,1,47,7
ESP005,EMP244,1,48,5
ESP005,EMP244,1,49,7
ESP005,EMP244,1,50,7
ESP005,EMP244,1,51,4
ESP006,EMP244,0,0,12
ESP006,EMP244,0,1,15
ESP006,EMP244,0,2,8
ESP006,EMP244,0,3,13
ESP006,EMP244,0,4,13
ESP006,EMP244,0,5,13
ESP006,EMP244,0,6,14
ESP006,EMP244,0,7,12
ESP006,EMP244,0,8,9
ESP006,EMP244,0,9,12
ESP006,EMP244,0,10,10
ESP006,EMP244,0,11,8
ESP006,EMP244,0,12,12
ESP006,EMP244,0,13,10
ESP006,EMP244,0,14,5
ESP006,EMP244,0,15,11
ESP006,EMP244,0,16,11
ESP006,EMP244,0,17,9
ESP006,EMP244,0,18,12
ESP006,EMP244,0,19,11
ESP006,EMP244,0,20,16
ESP006,EMP244,0,21,10
ESP006,EMP244,0,22,10
ESP006,EMP244,0,23,12
ESP006,EMP244,0,24,10
ESP006,EMP244,0,25,10
ESP006,EMP244,0,26,8
ESP006,EMP244,0,27,14
ESP006,EMP244,0,28,12
ESP006,EMP244,0,29,13
ESP006,EMP244,0,30,14
ESP006,EMP244,0,31,10
ESP006,EMP244,0,32,23
ESP006,EMP244,0,33,16
ESP006,EMP244,0,34,12
ESP006,EMP244,0,35,15
ESP006,EMP244,0,36,11
ESP006,EMP244,0,37,12
ESP006,EMP244,0,38,10
ESP006,EMP244,0,39,8
ESP006,EMP244,0,40,8
ESP006,EMP244,0,41,12
ESP006,EMP244,0,42,11
ESP006,EMP244,0,43,12
ESP006,EMP244,0,44,14
ESP006,EMP244,0,45,11
ESP006,EMP244,0,46,10
ESP006,EMP244,0,47,12
ESP006,EMP244,0,48,10
ESP006,EMP244,0,49,14
ESP006,EMP244,0,50,12
ESP006,EMP244,0,51,8
ESP006,EMP244,1,0,10
ESP006,EMP244,1,1,13
ESP006,EMP244,1,2,18
ESP006,EMP244,1,3,11
ESP006,EMP244,1,4,14
ESP006,EMP244,1,5,11
ESP006,EMP244,1,6,14
ESP006,EMP244,1,7,16
ESP006,EMP244,1,8,13
ESP006,EMP244,1,9,11
ESP006,EMP244,1,10,8
ESP006,EMP244,1,11,9
ESP006,EMP244,1,12,11
ESP006,EMP244,1,13,10
ESP006,EMP244,1,14,10
ESP006,EMP244,1,15,13
ESP006,EMP244,1,16,12
ESP006,EMP244,1,17,13
ESP006,EMP244,1,18,12
ESP006,EMP244,1,19,12
ESP006,EMP244,1,20,9
ESP006,EMP244,1,21,7
ESP006,EMP244,1,22,13
ESP006,EMP244,1,23,9
ESP006,EMP244,1,24,13
ESP006,EMP244,1,25,7
ESP006,EMP244,1,26,9
ESP006,EMP244,1,27,9
ESP006,EMP244,1,28,12
ESP006,EMP244,1,29,13
ESP006,EMP244,1,30,16
ESP006,EMP244,1,31,15
ESP006,EMP244,1,32,15
ESP006,EMP244,1,33,11
ESP006,EMP244,1,34,8
ESP006,EMP244,1,35,14
ESP006,EMP244,1,36,12
ESP006,EMP244,1,37,11
ESP006,EMP244,1,38,9
ESP006,EMP244,1,39,8
ESP006,EMP244,1,40,13
ESP006,EMP244,1,41,10
ESP006,EMP244,1,42,11
ESP006,EMP244,1,43,14
ESP006,EMP244,1,44,14
ESP006,EMP244,1,45,7
ESP006,EMP244,1,46,11
ESP006,EMP244,1,47,11
ESP006,EMP244,1,48,11
ESP006,EMP244,1,49,8
ESP006,EMP244,1,50,7
ESP006,EMP244,1,51,10
ESP007,EMP244,0,0,6
ESP007,EMP244,0,1,5
ESP007,EMP244,0,2,7
ESP007,EMP244,0,3,6
ESP007,EMP244,0,4,7
ESP007,EMP244,0,5,6
ESP007,EMP244,0,6,7
ESP007,EMP244,0,7,8
ESP007,EMP244,0,8,7
ESP007,EMP244,0,9,6
ESP007,EMP244,0,10,5
ESP007,EMP244,0,11,4
ESP007,EMP244,0,12,2
ESP007,EMP244,0,13,3
ESP007,EMP244,0,14,3
ESP007,EMP244,0,15,4
ESP007,EMP244,0,16,3
ESP007,EMP244,0,17,4
ESP007,EMP244,0,18,5
ESP007,EMP244,0,19,4
ESP007,EMP244,0,20,4
ESP007,EMP244,0,21,6
ESP007,EMP244,0,22,6
ESP007,EMP244,0,23,8
ESP007,EMP244,0,24,7
ESP007,EMP244,0,25,8
ESP007,EMP244,0,26,5
ESP007,EMP244,0,27,6
ESP007,EMP244,0,28,8
ESP007,EMP244,0,29,9
ESP007,EMP244,0,30,7
ESP007,EMP244,0,31,5
ESP007,EMP244,0,32,10
ESP007,EMP244,0,33,5
ESP007,EMP244,0,34,8
ESP007,EMP244,0,35,5
ESP007,EMP244,0,36,4
ESP007,EMP244,0,37,5
ESP007,EMP244,0,38,5
ESP007,EMP244,0,39,7
ESP007,EMP244,0,40,4
ESP007,EMP244,0,41,7
ESP007,EMP244,0,42,3
ESP007,EMP244,0,43,7
ESP007,EMP244,0,44,4
ESP007,EMP244,0,45,6
ESP007,EMP244,0,46,6
ESP007,EMP244,0,47,6
ESP007,EMP244,0,48,5
ESP007,EMP244,0,49,4
ESP007,EMP244,0,50,5
ESP007,EMP244,0,51,3
ESP007,EMP244,1,0,5
ESP007,EMP244,1,1,5
ESP007,EMP244,1,2,8
ESP007,EMP244,1,3,8
ESP007,EMP244,1,4,6
ESP007,EMP244,1,5,5
ESP007,EMP244,1,6,7
ESP007,EMP244,1,7,8
ESP007,EMP244,1,8,8
ESP007,EMP244,1,9,5
ESP007,EMP244,1,10,6
ESP007,EMP244,1,11,6
ESP007,EMP244,1,12,3
ESP007,EMP244,1,13,3
ESP007,EMP244,1,14,3
ESP007,EMP244,1,15,4
ESP007,EMP244,1,16,5
ESP007,EMP244,1,17,4
ESP007,EMP244,1,18,4
ESP007,EMP244,1,19,4
ESP007,EMP244,1,20,5
ESP007,EMP244,1,21,5
ESP007,EMP244,1,22,4
ESP007,EMP244,1,23,6
ESP007,EMP244,1,24,8
ESP007,EMP244,1,25,5
ESP007,EMP244,1,26,6
ESP007,EMP244,1,27,6
ESP007,EMP244,1,28,7
ESP007,EMP244,1,29,6
ESP007,EMP244,1,30,7
ESP007,EMP244,1,31,13
ESP007,EMP244,1,32,9
ESP007,EMP244,1,33,7
ESP007,EMP244,1,34,8
ESP007,EMP244,1,35,4
ESP007,EMP244,1,36,6
ESP007,EMP244,1,37,5
ESP007,EMP244,1,38,6
ESP007,EMP244,1,39,4
ESP007,EMP244,1,40,4
ESP007,EMP244,1,41,5
ESP007,EMP244,1,42,6
ESP007,EMP244,1,43,6
ESP007,EMP244,1,44,5
ESP007,EMP244,1,45,6
ESP007,EMP244,1,46,6
ESP007,EMP244,1,47,4
ESP007,EMP244,1,48,4
ESP007,EMP244,1,49,7
ESP007,EMP244,1,50,3
ESP007,EMP244,1,51,4
ESP008,EMP244,0,0,2
ESP008,EMP244,0,1,2
ESP008,EMP244,0,2,3
ESP008,EMP244,0,3,4
ESP008,EMP244,0,4,4
ESP008,EMP244,0,5,4
ESP008,EMP244,0,6,5
ESP008,EMP244,0,7,6
ESP008,EMP244,0,8,3
ESP008,EMP244,0,9,4
ESP008,EMP244,0,10,3
ESP008,EMP244,0,11,3
ESP008,EMP244,0,12,3
ESP008,EMP244,0,13,3
ESP008,EMP244,0,14,2
ESP008,EMP244,0,15,3
ESP008,EMP244,0,16,2
ESP008,EMP244,0,17,3
ESP008,EMP244,0,18,2
ESP008,EMP244,0,19,3
ESP008,EMP244,0,20,5
ESP008,EMP244,0,21,5
ESP008,EMP244,0,22,4
ESP008,EMP244,0,23,5
ESP008,EMP244,0,24,11
ESP008,EMP244,0,25,8
ESP008,EMP244,0,26,4
ESP008,EMP244,0,27,3
ESP008,EMP244,0,28,4
ESP008,EMP244,0,29,7
ESP008,EMP244,0,30,5
ESP008,EMP244,0,31,5
ESP008,EMP244,0,32,4
ESP008,EMP244,0,33,5
ESP008,EMP244,0,34,4
ESP008,EMP244,0,35,4
ESP008,EMP244,0,36,3
ESP008,EMP244,0,37,5
ESP008,EMP244,0,38,3
ESP008,EMP244,0,39,5
ESP008,EMP244,0,40,3
ESP008,EMP244,0,41,4
ESP008,EMP244,0,42,5
ESP008,EMP244,0,43,6
ESP008,EMP244,0,44,5
ESP008,EMP244,0,45,4
ESP008,EMP244,0,46,4
ESP008,EMP244,0,47,6
ESP008,EMP244,0,48,5
ESP008,EMP244,0,49,6
ESP008,EMP244,0,50,6
ESP008,EMP244,0,51,6
ESP008,EMP244,1,0,4
ESP008,EMP244,1,1,4
ESP008,EMP244,1,2,6
ESP008,EMP244,1,3,6
ESP008,EMP244,1,4,7
ESP008,EMP244,1,5,5
ESP008,EMP244,1,6,6
ESP008,EMP244,1,7,5
ESP008,EMP244,1,8,5
ESP008,EMP244,1,9,5
ESP008,EMP244,1,10,6
ESP008,EMP244,1,11,3
ESP008,EMP244,1,12,3
ESP008,EMP244,1,13,2
ESP008,EMP244,1,14,3
ESP008,EMP244,1,15,2
ESP008,EMP244,1,16,3
ESP008,EMP244,1,17,2
ESP008,EMP244,1,18,5
ESP008,EMP244,1,19,3
ESP008,EMP244,1,20,2
ESP008,EMP244,1,21,3
ESP008,EMP244,1,22,4
ESP008,EMP244,1,23,6
ESP008,EMP244,1,24,6
ESP008,EMP244,1,25,5
ESP008,EMP244,1,26,5
ESP008,EMP244,1,27,4
ESP008,EMP244,1,28,5
ESP008,EMP244,1,29,7
ESP008,EMP244,1,30,6
ESP008,EMP244,1,31,4
ESP008,EMP244,1,32,5
ESP008,EMP244,1,33,5
ESP008,EMP244,1,34,4
ESP008,EMP244,1,35,5
ESP008,EMP244,1,36,5
ESP008,EMP244,1,37,4
ESP008,EMP244,1,38,3
ESP008,EMP244,1,39,4
ESP008,EMP244,1,40,4
ESP008,EMP244,1,41,3
ESP008,EMP244,1,42,5
ESP008,EMP244,1,43,3
ESP008,EMP244,1,44,5
ESP008,EMP244,1,45,5
ESP008,EMP244,1,46,5
ESP008,EMP244,1,47,3
ESP008,EMP244,1,48,2
ESP008,EMP244,1,49,4
ESP008,EMP244,1,50,4
ESP008,EMP244,1,51,5
ESP001,EMP256,0,0,3
ESP001,EMP256,0,1,3
ESP001,EMP256,0,2,4
ESP001,EMP256,0,3,3
ESP001,EMP256,0,4,4
ESP001,EMP256,0,5,3
ESP001,EMP256,0,6,2
ESP001,EMP256,0,7,1
ESP001,EMP256,0,8,1
ESP001,EMP256,0,9,2
ESP001,EMP256,0,10,4
ESP001,EMP256,0,11,5
ESP001,EMP256,0,12,6
ESP001,EMP256,0,13,4
ESP001,EMP256,0,14,4
ESP001,EMP256,0,15,3
ESP001,EMP256,0,16,2
ESP001,EMP256,0,17,2
ESP001,EMP256,0,18,2
ESP001,EMP256,0,19,2
ESP001,EMP256,0,20,2
ESP001,EMP256,0,21,2
ESP001,EMP256,0,22,4
ESP001,EMP256,0,23,4
ESP001,EMP256,0,24,5
ESP001,EMP256,0,25,3
ESP001,EMP256,0,26,3
ESP001,EMP256,0,27,3
ESP001,EMP256,0,28,4
ESP001,EMP256,0,29,5
ESP001,EMP256,0,30,5
ESP001,EMP256,0,31,5
ESP001,EMP256,0,32,7
ESP001,EMP256,0,33,5
ESP001,EMP256,0,34,5
ESP001,EMP256,0,35,5
ESP001,EMP256,0,36,4
ESP001,EMP256,0,37,5
ESP001,EMP256,0,38,4
ESP001,EMP256,0,39,3
ESP001,EMP256,0,40,2
ESP001,EMP256,0,41,2
ESP001,EMP256,0,42,2
ESP001,EMP256,0,43,3
ESP001,EMP256,0,44,2
ESP001,EMP256,0,45,2
ESP001,EMP256,0,46,2
ESP001,EMP256,0,47,2
ESP001,EMP256,0,48,1
ESP001,EMP256,0,49,2
ESP001,EMP256,0,50,2
ESP001,EMP256,0,51,1
ESP001,EMP256,1,0,2
ESP001,EMP256,1,1,3
ESP001,EMP256,1,2,4
ESP001,EMP256,1,3,4
ESP001,EMP256,1,4,3
ESP001,EMP256,1,5,4
ESP001,EMP256,1,6,3
ESP001,EMP256,1,7,2
ESP001,EMP256,1,8,1
ESP001,EMP256,1,9,1
ESP001,EMP256,1,10,1
ESP001,EMP256,1,11,0
ESP001,EMP256,1,12,0
ESP001,EMP256,1,13,1
ESP001,EMP256,1,14,1
ESP001,EMP256,1,15,2
ESP001,EMP256,1,16,2
ESP001,EMP256,1,17,2
ESP001,EMP256,1,18,4
ESP001,EMP256,1,19,2
ESP001,EMP256,1,20,3
ESP001,EMP256,1,21,3
ESP001,EMP256,1,22,4
ESP001,EMP256,1,23,4
ESP001,EMP256,1,24,5
ESP001,EMP256,1,25,3
ESP001,EMP256,1,26,3
ESP001,EMP256,1,27,5
ESP001,EMP256,1,28,6
ESP001,EMP256,1,29,7
ESP001,EMP256,1,30,5
ESP001,EMP256,1,31,7
ESP001,EMP256,1,32,10
ESP001,EMP256,1,33,6
ESP001,EMP256,1,34,7
ESP001,EMP256,1,35,4
ESP001,EMP256,1,36,2
ESP001,EMP256,1,37,2
ESP001,EMP256,1,38,1
ESP001,EMP256,1,39,1
ESP001,EMP256,1,40,1
ESP001,EMP256,1,41,1
ESP001,EMP256,1,42,1
ESP001,EMP256,1,43,0
ESP001,EMP256,1,44,1
ESP001,EMP256,1,45,0
ESP001,EMP256,1,46,0
ESP001,EMP256,1,47,0
ESP001,EMP256,1,48,0
ESP001,EMP256,1,49,0
ESP001,EMP256,1,50,0
ESP001,EMP256,1,51,0
ESP002,EMP256,0,0,2
ESP002,EMP256,0,1,1
ESP002,EMP256,0,2,1
ESP002,EMP256,0,3,1
ESP002,EMP256,0,4,1
ESP002,EMP256,0,5,1
ESP002,EMP256,0,6,1
ESP002,EMP256,0,7,0
ESP002,EMP256,0,8,0
ESP002,EMP256,0,9,0
ESP002,EMP256,0,10,1
ESP002,EMP256,0,11,1
ESP002,EMP256,0,12,1
ESP002,EMP256,0,13,1
ESP002,EMP256,0,14,0
ESP002,EMP256,0,15,0
ESP002,EMP256,0,16,0
ESP002,EMP256,0,17,0
ESP002,EMP256,0,18,0
ESP002,EMP256,0,19,0
ESP002,EMP256,0,20,0
ESP002,EMP256,0,21,0
ESP002,EMP256,0,22,1
ESP002,EMP256,0,23,1
ESP002,EMP256,0,24,2
ESP002,EMP256,0,25,3
ESP002,EMP256,0,26,1
ESP002,EMP256,0,27,1
ESP002,EMP256,0,28,1
ESP002,EMP256,0,29,1
ESP002,EMP256,0,30,2
ESP002,EMP256,0,31,1
ESP002,EMP256,0,32,2
ESP002,EMP256,0,33,3
ESP002,EMP256,0,34,3
ESP002,EMP256,0,35,3
ESP002,EMP256,0,36,2
ESP002,EMP256,0,37,2
ESP002,EMP256,0,38,1
ESP002,EMP256,0,39,1
ESP002,EMP256,0,40,1
ESP002,EMP256,0,41,1
ESP002,EMP256,0,42,1
ESP002,EMP256,0,43,1
ESP002,EMP256,0,44,0
ESP002,EMP256,0,45,0
ESP002,EMP256,0,46,0
ESP002,EMP256,0,47,0
ESP002,EMP256,0,48,1
ESP002,EMP256,0,49,1
ESP002,EMP256,0,50,1
ESP002,EMP256,0,51,1
ESP002,EMP256,1,0,1
ESP002,EMP256,1,1,1
ESP002,EMP256,1,2,1
ESP002,EMP256,1,3,1
ESP002,EMP256,1,4,2
ESP002,EMP256,1,5,1
ESP002,EMP256,1,6,1
ESP002,EMP256,1,7,1
ESP002,EMP256,1,8,0
ESP002,EMP256,1,9,0
ESP002,EMP256,1,10,0
ESP002,EMP256,1,11,0
ESP002,EMP256,1,12,0
ESP002,EMP256,1,13,0
ESP002,EMP256,1,14,0
ESP002,EMP256,1,15,0
ESP002,EMP256,1,16,0
ESP002,EMP256,1,17,0
ESP002,EMP256,1,18,0
ESP002,EMP256,1,19,0
ESP002,EMP256,1,20,1
ESP002,EMP256,1,21,0
ESP002,EMP256,1,22,1
ESP002,EMP256,1,23,1
ESP002,EMP256,1,24,2
ESP002,EMP256,1,25,2
ESP002,EMP256,1,26,2
ESP002,EMP256,1,27,2
ESP002,EMP256,1,28,2
ESP002,EMP256,1,29,3
ESP002,EMP256,1,30,2
ESP002,EMP256,1,31,3
ESP002,EMP256,1,32,4
ESP002,EMP256,1,33,3
ESP002,EMP256,1,34,2
ESP002,EMP256,1,35,1
ESP002,EMP256,1,36,1
ESP002,EMP256,1,37,0
ESP002,EMP256,1,38,0
ESP002,EMP256,1,39,0
ESP002,EMP256,1,40,0
ESP002,EMP256,1,41,0
ESP002,EMP256,1,42,0
ESP002,EMP256,1,43,0
ESP002,EMP256,1,44,0
ESP002,EMP256,1,45,0
ESP002,EMP256,1,46,0
ESP002,EMP256,1,47,0
ESP002,EMP256,1,48,0
ESP002,EMP256,1,49,0
ESP002,EMP256,1,50,0
ESP002,EMP256,1,51,0
ESP003,EMP256,0,0,2
ESP003,EMP256,0,1,2
ESP003,EMP256,0,2,3
ESP003,EMP256,0,3,3
ESP003,EMP256,0,4,3
ESP003,EMP256,0,5,4
ESP003,EMP256,0,6,2
ESP003,EMP256,0,7,2
ESP003,EMP256,0,8,1
ESP003,EMP256,0,9,1
ESP003,EMP256,0,10,1
ESP003,EMP256,0,11,3
ESP003,EMP256,0,12,2
ESP003,EMP256,0,13,2
ESP003,EMP256,0,14,2
ESP003,EMP256,0,15,1
ESP003,EMP256,0,16,1
ESP003,EMP256,0,17,1
ESP003,EMP256,0,18,1
ESP003,EMP256,0,19,1
ESP003,EMP256,0,20,1
ESP003,EMP256,0,21,1
ESP003,EMP256,0,22,2
ESP003,EMP256,0,23,2
ESP003,EMP256,0,24,2
ESP003,EMP256,0,25,2
ESP003,EMP256,0,26,2
ESP003,EMP256,0,27,1
ESP003,EMP256,0,28,2
ESP003,EMP256,0,29,3
ESP003,EMP256,0,30,2
ESP003,EMP256,0,31,3
ESP003,EMP256,0,32,2
ESP003,EMP256,0,33,3
ESP003,EMP256,0,34,3
ESP003,EMP256,0,35,3
ESP003,EMP256,0,36,3
ESP003,EMP256,0,37,4
ESP003,EMP256,0,38,2
ESP003,EMP256,0,39,2
ESP003,EMP256,0,40,1
ESP003,EMP256,0,41,1
ESP003,EMP256,0,42,1
ESP003,EMP256,0,43,1
ESP003,EMP256,0,44,1
ESP003,EMP256,0,45,1
ESP003,EMP256,0,46,1
ESP003,EMP256,0,47,1
ESP003,EMP256,0,48,1
ESP003,EMP256,0,49,1
ESP003,EMP256,0,50,1
ESP003,EMP256,0,51,1
ESP003,EMP256,1,0,1
ESP003,EMP256,1,1,1
ESP003,EMP256,1,2,2
ESP003,EMP256,1,3,3
ESP003,EMP256,1,4,2
ESP003,EMP256,1,5,2
ESP003,EMP256,1,6,1
ESP003,EMP256,1,7,1
ESP003,EMP256,1,8,0
ESP003,EMP256,1,9,0
ESP003,EMP256,1,10,0
ESP003,EMP256,1,11,0
ESP003,EMP256,1,12,0
ESP003,EMP256,1,13,1
ESP003,EMP256,1,14,1
ESP003,EMP256,1,15,1
ESP003,EMP256,1,16,1
ESP003,EMP256,1,17,2
ESP003,EMP256,1,18,1
ESP003,EMP256,1,19,1
ESP003,EMP256,1,20,2
ESP003,EMP256,1,21,2
ESP003,EMP256,1,22,2
ESP003,EMP256,1,23,2
ESP003,EMP256,1,24,2
ESP003,EMP256,1,25,1
ESP003,EMP256,1,26,3
ESP003,EMP256,1,27,3
ESP003,EMP256,1,28,3
ESP003,EMP256,1,29,3
ESP003,EMP256,1,30,5
ESP003,EMP256,1,31,5
ESP003,EMP256,1,32,5
ESP003,EMP256,1,33,3
ESP003,EMP256,1,34,3
ESP003,EMP256,1,35,3
ESP003,EMP256,1,36,2
ESP003,EMP256,1,37,1
ESP003,EMP256,1,38,1
ESP003,EMP256,1,39,1
ESP003,EMP256,1,40,1
ESP003,EMP256,1,41,1
ESP003,EMP256,1,42,0
ESP003,EMP256,1,43,0
ESP003,EMP256,1,44,0
ESP003,EMP256,1,45,0
ESP003,EMP256,1,46,0
ESP003,EMP256,1,47,0
ESP003,EMP256,1,48,0
ESP003,EMP256,1,49,0
ESP003,EMP256,1,50,0
ESP003,EMP256,1,51,0
ESP004,EMP256,0,0,2
ESP004,EMP256,0,1,4
ESP004,EMP256,0,2,3
ESP004,EMP256,0,3,3
ESP004,EMP256,0,4,3
ESP004,EMP256,0,5,2
ESP004,EMP256,0,6,3
ESP004,EMP256,0,7,2
ESP004,EMP256,0,8,1
ESP004,EMP256,0,9,2
ESP004,EMP256,0,10,2
ESP004,EMP256,0,11,3
ESP004,EMP256,0,12,3
ESP004,EMP256,0,13,3
ESP004,EMP256,0,14,2
ESP004,EMP256,0,15,1
ESP004,EMP256,0,16,1
ESP004,EMP256,0,17,2
ESP004,EMP256,0,18,2
ESP004,EMP256,0,19,2
ESP004,EMP256,0,20,2
ESP004,EMP256,0,21,2
ESP004,EMP256,0,22,2
ESP004,EMP256,0,23,2
ESP004,EMP256,0,24,4
ESP004,EMP256,0,25,2
ESP004,EMP256,0,26,2
ESP004,EMP256,0,27,5
ESP004,EMP256,0,28,5
ESP004,EMP256,0,29,3
ESP004,EMP256,0,30,2
ESP004,EMP256,0,31,2
ESP004,EMP256,0,32,2
ESP004,EMP256,0,33,3
ESP004,EMP256,0,34,6
ESP004,EMP256,0,35,5
ESP004,EMP256,0,36,2
ESP004,EMP256,0,37,2
ESP004,EMP256,0,38,3
ESP004,EMP256,0,39,1
ESP004,EMP256,0,40,2
ESP004,EMP256,0,41,2
ESP004,EMP256,0,42,2
ESP004,EMP256,0,43,1
ESP004,EMP256,0,44,2
ESP004,EMP256,0,45,2
ESP004,EMP256,0,46,1
ESP004,EMP256,0,47,1
ESP004,EMP256,0,48,2
ESP004,EMP256,0,49,2
ESP004,EMP256,0,50,1
ESP004,EMP256,0,51,1
ESP004,EMP256,1,0,1
ESP004,EMP256,1,1,2
ESP004,EMP256,1,2,3
ESP004,EMP256,1,3,2
ESP004,EMP256,1,4,3
ESP004,EMP256,1,5,2
ESP004,EMP256,1,6,2
ESP004,EMP256,1,7,1
ESP004,EMP256,1,8,2
ESP004,EMP256,1,9,1
ESP004,EMP256,1,10,1
ESP004,EMP256,1,11,1
ESP004,EMP256,1,12,0
ESP004,EMP256,1,13,1
ESP004,EMP256,1,14,1
ESP004,EMP256,1,15,1
ESP004,EMP256,1,16,1
ESP004,EMP256,1,17,3
ESP004,EMP256,1,18,2
ESP004,EMP256,1,19,4
ESP004,EMP256,1,20,4
ESP004,EMP256,1,21,4
ESP004,EMP256,1,22,4
ESP004,EMP256,1,23,4
ESP004,EMP256,1,24,6
ESP004,EMP256,1,25,5
ESP004,EMP256,1,26,2
ESP004,EMP256,1,27,3
ESP004,EMP256,1,28,2
ESP004,EMP256,1,29,3
ESP004,EMP256,1,30,3
ESP004,EMP256,1,31,3
ESP004,EMP256,1,32,2
ESP004,EMP256,1,33,4
ESP004,EMP256,1,34,4
ESP004,EMP256,1,35,1
ESP004,EMP256,1,36,1
ESP004,EMP256,1,37,2
ESP004,EMP256,1,38,1
ESP004,EMP256,1,39,1
ESP004,EMP256,1,40,1
ESP004,EMP256,1,41,1
ESP004,EMP256,1,42,1
ESP004,EMP256,1,43,1
ESP004,EMP256,1,44,1
ESP004,EMP256,1,45,1
ESP004,EMP256,1,46,0
ESP004,EMP256,1,47,0
ESP004,EMP256,1,48,0
ESP004,EMP256,1,49,0
ESP004,EMP256,1,50,0
ESP004,EMP256,1,51,0
ESP005,EMP256,0,0,2
ESP005,EMP256,0,1,2
ESP005,EMP256,0,2,1
ESP005,EMP256,0,3,3
ESP005,EMP256,0,4,3
ESP005,EMP256,0,5,1
ESP005,EMP256,0,6,2
ESP005,EMP256,0,7,2
ESP005,EMP256,0,8,2
ESP005,EMP256,0,9,3
ESP005,EMP256,0,10,2
ESP005,EMP256,0,11,1
ESP005,EMP256,0,12,3
ESP005,EMP256,0,13,4
ESP005,EMP256,0,14,2
ESP005,EMP256,0,15,1
ESP005,EMP256,0,16,1
ESP005,EMP256,0,17,1
ESP005,EMP256,0,18,1
ESP005,EMP256,0,19,1
ESP005,EMP256,0,20,1
ESP005,EMP256,0,21,1
ESP005,EMP256,0,22,2
ESP005,EMP256,0,23,2
ESP005,EMP256,0,24,4
ESP005,EMP256,0,25,3
ESP005,EMP256,0,26,2
ESP005,EMP256,0,27,1
ESP005,EMP256,0,28,2
ESP005,EMP256,0,29,3
ESP005,EMP256,0,30,4
ESP005,EMP256,0,31,3
ESP005,EMP256,0,32,4
ESP005,EMP256,0,33,3
ESP005,EMP256,0,34,3
ESP005,EMP256,0,35,3
ESP005,EMP256,0,36,1
ESP005,EMP256,0,37,3
ESP005,EMP256,0,38,3
ESP005,EMP256,0,39,2
ESP005,EMP256,0,40,2
ESP005,EMP256,0,41,1
ESP005,EMP256,0,42,1
ESP005,EMP256,0,43,1
ESP005,EMP256,0,44,1
ESP005,EMP256,0,45,1
ESP005,EMP256,0,46,1
ESP005,EMP256,0,47,1
ESP005,EMP256,0,48,2
ESP005,EMP256,0,49,1
ESP005,EMP256,0,50,2
ESP005,EMP256,0,51,2
ESP005,EMP256,1,0,1
ESP005,EMP256,1,1,1
ESP005,EMP256,1,2,3
ESP005,EMP256,1,3,2
ESP005,EMP256,1,4,2
ESP005,EMP256,1,5,1
ESP005,EMP256,1,6,1
ESP005,EMP256,1,7,1
ESP005,EMP256,1,8,1
ESP005,EMP256,1,9,1
ESP005,EMP256,1,10,1
ESP005,EMP256,1,11,1
ESP005,EMP256,1,12,1
ESP005,EMP256,1,13,1
ESP005,EMP256,1,14,0
ESP005,EMP256,1,15,1
ESP005,EMP256,1,16,1
ESP005,EMP256,1,17,2
ESP005,EMP256,1,18,1
ESP005,EMP256,1,19,3
ESP005,EMP256,1,20,2
ESP005,EMP256,1,21,2
ESP005,EMP256,1,22,5
ESP005,EMP256,1,23,4
ESP005,EMP256,1,24,5
ESP005,EMP256,1,25,3
ESP005,EMP256,1,26,2
ESP005,EMP256,1,27,4
ESP005,EMP256,1,28,3
ESP005,EMP256,1,29,2
ESP005,EMP256,1,30,3
ESP005,EMP256,1,31,3
ESP005,EMP256,1,32,4
ESP005,EMP256,1,33,3
ESP005,EMP256,1,34,1
ESP005,EMP256,1,35,1
ESP005,EMP256,1,36,1
ESP005,EMP256,1,37,1
ESP005,EMP256,1,38,1
ESP005,EMP256,1,39,0
ESP005,EMP256,1,40,1
ESP005,EMP256,1,41,1
ESP005,EMP256,1,42,1
ESP005,EMP256,1,43,0
ESP005,EMP256,1,44,0
ESP005,EMP256,1,45,0
ESP005,EMP256,1,46,0
ESP005,EMP256,1,47,0
ESP005,EMP256,1,48,0
ESP005,EMP256,1,49,0
ESP005,EMP256,1,50,0
ESP005,EMP256,1,51,0
ESP006,EMP256,0,0,3
ESP006,EMP256,0,1,2
ESP006,EMP256,0,2,2
ESP006,EMP256,0,3,4
ESP006,EMP256,0,4,3
ESP006,EMP256,0,5,3
ESP006,EMP256,0,6,2
ESP006,EMP256,0,7,2
ESP006,EMP256,0,8,2
ESP006,EMP256,0,9,3
ESP006,EMP256,0,10,3
ESP006,EMP256,0,11,4
ESP006,EMP256,0,12,6
ESP006,EMP256,0,13,3
ESP006,EMP256,0,14,4
ESP006,EMP256,0,15,3
ESP006,EMP256,0,16,3
ESP006,EMP256,0,17,3
ESP006,EMP256,0,18,3
ESP006,EMP256,0,19,5
ESP006,EMP256,0,20,2
ESP006,EMP256,0,21,3
ESP006,EMP256,0,22,4
ESP006,EMP256,0,23,5
ESP006,EMP256,0,24,5
ESP006,EMP256,0,25,7
ESP006,EMP256,0,26,2
ESP006,EMP256,0,27,2
ESP006,EMP256,0,28,3
ESP006,EMP256,0,29,1
ESP006,EMP256,0,30,2
ESP006,EMP256,0,31,3
ESP006,EMP256,0,32,4
ESP006,EMP256,0,33,3
ESP006,EMP256,0,34,3
ESP006,EMP256,0,35,2
ESP006,EMP256,0,36,3
ESP006,EMP256,0,37,5
ESP006,EMP256,0,38,4
ESP006,EMP256,0,39,3
ESP006,EMP256,0,40,2
ESP006,EMP256,0,41,2
ESP006,EMP256,0,42,3
ESP006,EMP256,0,43,3
ESP006,EMP256,0,44,3
ESP006,EMP256,0,45,3
ESP006,EMP256,0,46,3
ESP006,EMP256,0,47,3
ESP006,EMP256,0,48,3
ESP006,EMP256,0,49,3
ESP006,EMP256,0,50,4
ESP006,EMP256,0,51,5
ESP006,EMP256,1,0,2
ESP006,EMP256,1,1,3
ESP006,EMP256,1,2,2
ESP006,EMP256,1,3,3
ESP006,EMP256,1,4,4
ESP006,EMP256,1,5,3
ESP006,EMP256,1,6,2
ESP006,EMP256,1,7,3
ESP006,EMP256,1,8,2
ESP006,EMP256,1,9,1
ESP006,EMP256,1,10,2
ESP006,EMP256,1,11,2
ESP006,EMP256,1,12,2
ESP006,EMP256,1,13,2
ESP006,EMP256,1,14,1
ESP006,EMP256,1,15,2
ESP006,EMP256,1,16,3
ESP006,EMP256,1,17,3
ESP006,EMP256,1,18,4
ESP006,EMP256,1,19,4
ESP006,EMP256,1,20,2
ESP006,EMP256,1,21,4
ESP006,EMP256,1,22,5
ESP006,EMP256,1,23,4
ESP006,EMP256,1,24,6
ESP006,EMP256,1,25,7
ESP006,EMP256,1,26,4
ESP006,EMP256,1,27,1
ESP006,EMP256,1,28,2
ESP006,EMP256,1,29,4
ESP006,EMP256,1,30,4
ESP006,EMP256,1,31,8
ESP006,EMP256,1,32,4
ESP006,EMP256,1,33,4
ESP006,EMP256,1,34,3
ESP006,EMP256,1,35,3
ESP006,EMP256,1,36,2
ESP006,EMP256,1,37,3
ESP006,EMP256,1,38,1
ESP006,EMP256,1,39,3
ESP006,EMP256,1,40,1
ESP006,EMP256,1,41,2
ESP006,EMP256,1,42,3
ESP006,EMP256,1,43,2
ESP006,EMP256,1,44,2
ESP006,EMP256,1,45,2
ESP006,EMP256,1,46,1
ESP006,EMP256,1,47,1
ESP006,EMP256,1,48,1
ESP006,EMP256,1,49,2
ESP006,EMP256,1,50,2
ESP006,EMP256,1,51,2
ESP007,EMP256,0,0,2
ESP007,EMP256,0,1,2
ESP007,EMP256,0,2,2
ESP007,EMP256,0,3,3
ESP007,EMP256,0,4,2
ESP007,EMP256,0,5,3
ESP007,EMP256,0,6,1
ESP007,EMP256,0,7,2
ESP007,EMP256,0,8,1
ESP007,EMP256,0,9,1
ESP007,EMP256,0,10,2
ESP007,EMP256,0,11,2
ESP007,EMP256,0,12,4
ESP007,EMP256,0,13,2
ESP007,EMP256,0,14,2
ESP007,EMP256,0,15,1
ESP007,EMP256,0,16,1
ESP007,EMP256,0,17,1
ESP007,EMP256,0,18,1
ESP007,EMP256,0,19,1
ESP007,EMP256,0,20,1
ESP007,EMP256,0,21,1
ESP007,EMP256,0,22,2
ESP007,EMP256,0,23,2
ESP007,EMP256,0,24,2
ESP007,EMP256,0,25,3
ESP007,EMP256,0,26,2
ESP007,EMP256,0,27,3
ESP007,EMP256,0,28,1
ESP007,EMP256,0,29,3
ESP007,EMP256,0,30,2
ESP007,EMP256,0,31,1
ESP007,EMP256,0,32,3
ESP007,EMP256,0,33,2
ESP007,EMP256,0,34,4
ESP007,EMP256,0,35,2
ESP007,EMP256,0,36,1
ESP007,EMP256,0,37,1
ESP007,EMP256,0,38,2
ESP007,EMP256,0,39,1
ESP007,EMP256,0,40,1
ESP007,EMP256,0,41,1
ESP007,EMP256,0,42,1
ESP007,EMP256,0,43,1
ESP007,EMP256,0,44,1
ESP007,EMP256,0,45,1
ESP007,EMP256,0,46,1
ESP007,EMP256,0,47,1
ESP007,EMP256,0,48,1
ESP007,EMP256,0,49,2
ESP007,EMP256,0,50,2
ESP007,EMP256,0,51,1
ESP007,EMP256,1,0,2
ESP007,EMP256,1,1,2
ESP007,EMP256,1,2,1
ESP007,EMP256,1,3,2
ESP007,EMP256,1,4,2
ESP007,EMP256,1,5,2
ESP007,EMP256,1,6,1
ESP007,EMP256,1,7,1
ESP007,EMP256,1,8,1
ESP007,EMP256,1,9,1
ESP007,EMP256,1,10,1
ESP007,EMP256,1,11,1
ESP007,EMP256,1,12,1
ESP007,EMP256,1,13,1
ESP007,EMP256,1,14,2
ESP007,EMP256,1,15,1
ESP007,EMP256,1,16,1
ESP007,EMP256,1,17,2
ESP007,EMP256,1,18,1
ESP007,EMP256,1,19,2
ESP007,EMP256,1,20,2
ESP007,EMP256,1,21,2
ESP007,EMP256,1,22,2
ESP007,EMP256,1,23,2
ESP007,EMP256,1,24,2
ESP007,EMP256,1,25,3
ESP007,EMP256,1,26,2
ESP007,EMP256,1,27,1
ESP007,EMP256,1,28,1
ESP007,EMP256,1,29,2
ESP007,EMP256,1,30,2
ESP007,EMP256,1,31,3
ESP007,EMP256,1,32,2
ESP007,EMP256,1,33,3
ESP007,EMP256,1,34,2
ESP007,EMP256,1,35,2
ESP007,EMP256,1,36,2
ESP007,EMP256,1,37,2
ESP007,EMP256,1,38,1
ESP007,EMP256,1,39,1
ESP007,EMP256,1,40,1
ESP007,EMP256,1,41,0
ESP007,EMP256,1,42,1
ESP007,EMP256,1,43,0
ESP007,EMP256,1,44,0
ESP007,EMP256,1,45,0
ESP007,EMP256,1,46,0
ESP007,EMP256,1,47,0
ESP007,EMP256,1,48,0
ESP007,EMP256,1,49,0
ESP007,EMP256,1,50,0
ESP007,EMP256,1,51,0
ESP008,EMP256,0,0,2
ESP008,EMP256,0,1,1
ESP008,EMP256,0,2,1
ESP008,EMP256,0,3,1
ESP008,EMP256,0,4,1
ESP008,EMP256,0,5,2
ESP008,EMP256,0,6,1
ESP008,EMP256,0,7,0
ESP008,EMP256,0,8,0
ESP008,EMP256,0,9,1
ESP008,EMP256,0,10,1
ESP008,EMP256,0,11,2
ESP008,EMP256,0,12,2
ESP008,EMP256,0,13,1
ESP008,EMP256,0,14,1
ESP008,EMP256,0,15,1
ESP008,EMP256,0,16,1
ESP008,EMP256,0,17,1
ESP008,EMP256,0,18,1
ESP008,EMP256,0,19,1
ESP008,EMP256,0,20,1
ESP008,EMP256,0,21,2
ESP008,EMP256,0,22,1
ESP008,EMP256,0,23,2
ESP008,EMP256,0,24,4
ESP008,EMP256,0,25,2
ESP008,EMP256,0,26,1
ESP008,EMP256,0,27,1
ESP008,EMP256,0,28,1
ESP008,EMP256,0,29,1
ESP008,EMP256,0,30,2
ESP008,EMP256,0,31,2
ESP008,EMP256,0,32,2
ESP008,EMP256,0,33,3
ESP008,EMP256,0,34,1
ESP008,EMP256,0,35,1
ESP008,EMP256,0,36,2
ESP008,EMP256,0,37,2
ESP008,EMP256,0,38,1
ESP008,EMP256,0,39,1
ESP008,EMP256,0,40,1
ESP008,EMP256,0,41,1
ESP008,EMP256,0,42,1
ESP008,EMP256,0,43,1
ESP008,EMP256,0,44,1
ESP008,EMP256,0,45,1
ESP008,EMP256,0,46,1
ESP008,EMP256,0,47,1
ESP008,EMP256,0,48,0
ESP008,EMP256,0,49,1
ESP008,EMP256,0,50,2
ESP008,EMP256,0,51,2
ESP008,EMP256,1,0,1
ESP008,EMP256,1,1,1
ESP008,EMP256,1,2,1
ESP008,EMP256,1,3,1
ESP008,EMP256,1,4,2
ESP008,EMP256,1,5,1
ESP008,EMP256,1,6,1
ESP008,EMP256,1,7,1
ESP008,EMP256,1,8,0
ESP008,EMP256,1,9,0
ESP008,EMP256,1,10,0
ESP008,EMP256,1,11,0
ESP008,EMP256,1,12,0
ESP008,EMP256,1,13,0
ESP008,EMP256,1,14,0
ESP008,EMP256,1,15,0
ESP008,EMP256,1,16,0
ESP008,EMP256,1,17,0
ESP008,EMP256,1,18,1
ESP008,EMP256,1,19,1
ESP008,EMP256,1,20,2
ESP008,EMP256,1,21,1
ESP008,EMP256,1,22,2
ESP008,EMP256,1,23,1
ESP008,EMP256,1,24,1
ESP008,EMP256,1,25,2
ESP008,EMP256,1,26,2
ESP008,EMP256,1,27,1
ESP008,EMP256,1,28,2
ESP008,EMP256,1,29,3
ESP008,EMP256,1,30,2
ESP008,EMP256,1,31,3
ESP008,EMP256,1,32,1
ESP008,EMP256,1,33,2
ESP008,EMP256,1,34,2
ESP008,EMP256,1,35,2
ESP008,EMP256,1,36,1
ESP008,EMP256,1,37,1
ESP008,EMP256,1,38,0
ESP008,EMP256,1,39,0
ESP008,EMP256,1,40,0
ESP008,EMP256,1,41,0
ESP008,EMP256,1,42,0
ESP008,EMP256,1,43,0
ESP008,EMP256,1,44,0
ESP008,EMP256,1,45,0
ESP008,EMP256,1,46,0
ESP008,EMP256,1,47,0
ESP008,EMP256,1,48,0
ESP008,EMP256,1,49,0
ESP008,EMP256,1,50,0
ESP008,EMP256,1,51,0
ESP001,EMP267,0,0,6
ESP001,EMP267,0,1,9
ESP001,EMP267,0,2,8
ESP001,EMP267,0,3,8
ESP001,EMP267,0,4,6
ESP001,EMP267,0,5,8
ESP001,EMP267,0,6,6
ESP001,EMP267,0,7,8
ESP001,EMP267,0,8,7
ESP001,EMP267,0,9,5
ESP001,EMP267,0,10,8
ESP001,EMP267,0,11,6
ESP001,EMP267,0,12,6
ESP001,EMP267,0,13,6
ESP001,EMP267,0,14,7
ESP001,EMP267,0,15,5
ESP001,EMP267,0,16,5
ESP001,EMP267,0,17,6
ESP001,EMP267,0,18,7
ESP001,EMP267,0,19,5
ESP001,EMP267,0,20,6
ESP001,EMP267,0,21,5
ESP001,EMP267,0,22,8
ESP001,EMP267,0,23,6
ESP001,EMP267,0,24,5
ESP001,EMP267,0,25,6
ESP001,EMP267,0,26,7
ESP001,EMP267,0,27,11
ESP001,EMP267,0,28,15
ESP001,EMP267,0,29,7
ESP001,EMP267,0,30,13
ESP001,EMP267,0,31,10
ESP001,EMP267,0,32,8
ESP001,EMP267,0,33,10
ESP001,EMP267,0,34,10
ESP001,EMP267,0,35,8
ESP001,EMP267,0,36,5
ESP001,EMP267,0,37,5
ESP001,EMP267,0,38,4
ESP001,EMP267,0,39,3
ESP001,EMP267,0,40,2
ESP001,EMP267,0,41,2
ESP001,EMP267,0,42,4
ESP001,EMP267,0,43,4
ESP001,EMP267,0,44,5
ESP001,EMP267,0,45,7
ESP001,EMP267,0,46,8
ESP001,EMP267,0,47,6
ESP001,EMP267,0,48,3
ESP001,EMP267,0,49,6
ESP001,EMP267,0,50,4
ESP001,EMP267,0,51,4
ESP001,EMP267,1,0,4
ESP001,EMP267,1,1,4
ESP001,EMP267,1,2,2
ESP001,EMP267,1,3,1
ESP001,EMP267,1,4,0
ESP001,EMP267,1,5,5
ESP001,EMP267,1,6,8
ESP001,EMP267,1,7,11
ESP001,EMP267,1,8,12
ESP001,EMP267,1,9,14
ESP001,EMP267,1,10,10
ESP001,EMP267,1,11,6
ESP001,EMP267,1,12,3
ESP001,EMP267,1,13,4
ESP001,EMP267,1,14,4
ESP001,EMP267,1,15,3
ESP001,EMP267,1,16,4
ESP001,EMP267,1,17,3
ESP001,EMP267,1,18,3
ESP001,EMP267,1,19,3
ESP001,EMP267,1,20,4
ESP001,EMP267,1,21,5
ESP001,EMP267,1,22,5
ESP001,EMP267,1,23,7
ESP001,EMP267,1,24,7
ESP001,EMP267,1,25,7
ESP001,EMP267,1,26,11
ESP001,EMP267,1,27,14
ESP001,EMP267,1,28,21
ESP001,EMP267,1,29,14
ESP001,EMP267,1,30,11
ESP001,EMP267,1,31,8
ESP001,EMP267,1,32,8
ESP001,EMP267,1,33,4
ESP001,EMP267,1,34,4
ESP001,EMP267,1,35,4
ESP001,EMP267,1,36,4
ESP001,EMP267,1,37,4
ESP001,EMP267,1,38,3
ESP001,EMP267,1,39,4
ESP001,EMP267,1,40,3
ESP001,EMP267,1,41,5
ESP001,EMP267,1,42,7
ESP001,EMP267,1,43,6
ESP001,EMP267,1,44,6
ESP001,EMP267,1,45,5
ESP001,EMP267,1,46,6
ESP001,EMP267,1,47,8
ESP001,EMP267,1,48,4
ESP001,EMP267,1,49,5
ESP001,EMP267,1,50,8
ESP001,EMP267,1,51,5
ESP002,EMP267,0,0,2
ESP002,EMP267,0,1,2
ESP002,EMP267,0,2,3
ESP002,EMP267,0,3,5
ESP002,EMP267,0,4,7
ESP002,EMP267,0,5,5
ESP002,EMP267,0,6,3
ESP002,EMP267,0,7,4
ESP002,EMP267,0,8,5
ESP002,EMP267,0,9,4
ESP002,EMP267,0,10,5
ESP002,EMP267,0,11,5
ESP002,EMP267,0,12,6
ESP002,EMP267,0,13,4
ESP002,EMP267,0,14,4
ESP002,EMP267,0,15,4
ESP002,EMP267,0,16,4
ESP002,EMP267,0,17,4
ESP002,EMP267,0,18,4
ESP002,EMP267,0,19,2
ESP002,EMP267,0,20,1
ESP002,EMP267,0,21,2
ESP002,EMP267,0,22,2
ESP002,EMP267,0,23,4
ESP002,EMP267,0,24,3
ESP002,EMP267,0,25,4
ESP002,EMP267,0,26,4
ESP002,EMP267,0,27,6
ESP002,EMP267,0,28,10
ESP002,EMP267,0,29,6
ESP002,EMP267,0,30,11
ESP002,EMP267,0,31,6
ESP002,EMP267,0,32,6
ESP002,EMP267,0,33,8
ESP002,EMP267,0,34,5
ESP002,EMP267,0,35,2
ESP002,EMP267,0,36,3
ESP002,EMP267,0,37,2
ESP002,EMP267,0,38,2
ESP002,EMP267,0,39,1
ESP002,EMP267,0,40,0
ESP002,EMP267,0,41,0
ESP002,EMP267,0,42,1
ESP002,EMP267,0,43,2
ESP002,EMP267,0,44,2
ESP002,EMP267,0,45,3
ESP002,EMP267,0,46,4
ESP002,EMP267,0,47,3
ESP002,EMP267,0,48,4
ESP002,EMP267,0,49,3
ESP002,EMP267,0,50,3
ESP002,EMP267,0,51,2
ESP002,EMP267,1,0,1
ESP002,EMP267,1,1,3
ESP002,EMP267,1,2,1
ESP002,EMP267,1,3,1
ESP002,EMP267,1,4,0
ESP002,EMP267,1,5,4
ESP002,EMP267,1,6,8
ESP002,EMP267,1,7,8
ESP002,EMP267,1,8,17
ESP002,EMP267,1,9,12
ESP002,EMP267,1,10,7
ESP002,EMP267,1,11,3
ESP002,EMP267,1,12,0
ESP002,EMP267,1,13,0
ESP002,EMP267,1,14,0
ESP002,EMP267,1,15,1
ESP002,EMP267,1,16,1
ESP002,EMP267,1,17,1
ESP002,EMP267,1,18,1
ESP002,EMP267,1,19,1
ESP002,EMP267,1,20,1
ESP002,EMP267,1,21,2
ESP002,EMP267,1,22,4
ESP002,EMP267,1,23,3
ESP002,EMP267,1,24,5
ESP002,EMP267,1,25,4
ESP002,EMP267,1,26,14
ESP002,EMP267,1,27,10
ESP002,EMP267,1,28,13
ESP002,EMP267,1,29,12
ESP002,EMP267,1,30,5
ESP002,EMP267,1,31,8
ESP002,EMP267,1,32,4
ESP002,EMP267,1,33,4
ESP002,EMP267,1,34,4
ESP002,EMP267,1,35,3
ESP002,EMP267,1,36,3
ESP002,EMP267,1,37,3
ESP002,EMP267,1,38,2
ESP002,EMP267,1,39,1
ESP002,EMP267,1,40,1
ESP002,EMP267,1,41,2
ESP002,EMP267,1,42,3
ESP002,EMP267,1,43,4
ESP002,EMP267,1,44,4
ESP002,EMP267,1,45,5
ESP002,EMP267,1,46,4
ESP002,EMP267,1,47,3
ESP002,EMP267,1,48,3
ESP002,EMP267,1,49,3
ESP002,EMP267,1,50,3
ESP002,EMP267,1,51,2
ESP003,EMP267,0,0,4
ESP003,EMP267,0,1,7
ESP003,EMP267,0,2,9
ESP003,EMP267,0,3,11
ESP003,EMP267,0,4,6
ESP003,EMP267,0,5,7
ESP003,EMP267,0,6,6
ESP003,EMP267,0,7,5
ESP003,EMP267,0,8,6
ESP003,EMP267,0,9,5
ESP003,EMP267,0,10,6
ESP003,EMP267,0,11,7
ESP003,EMP267,0,12,7
ESP003,EMP267,0,13,6
ESP003,EMP267,0,14,6
ESP003,EMP267,0,15,7
ESP003,EMP267,0,16,7
ESP003,EMP267,0,17,6
ESP003,EMP267,0,18,5
ESP003,EMP267,0,19,4
ESP003,EMP267,0,20,7
ESP003,EMP267,0,21,5
ESP003,EMP267,0,22,7
ESP003,EMP267,0,23,5
ESP003,EMP267,0,24,6
ESP003,EMP267,0,25,5
ESP003,EMP267,0,26,8
ESP003,EMP267,0,27,7
ESP003,EMP267,0,28,15
ESP003,EMP267,0,29,13
ESP003,EMP267,0,30,6
ESP003,EMP267,0,31,12
ESP003,EMP267,0,32,12
ESP003,EMP267,0,33,9
ESP003,EMP267,0,34,8
ESP003,EMP267,0,35,8
ESP003,EMP267,0,36,4
ESP003,EMP267,0,37,4
ESP003,EMP267,0,38,4
ESP003,EMP267,0,39,3
ESP003,EMP267,0,40,2
ESP003,EMP267,0,41,2
ESP003,EMP267,0,42,3
ESP003,EMP267,0,43,4
ESP003,EMP267,0,44,5
ESP003,EMP267,0,45,6
ESP003,EMP267,0,46,5
ESP003,EMP267,0,47,5
ESP003,EMP267,0,48,6
ESP003,EMP267,0,49,6
ESP003,EMP267,0,50,4
ESP003,EMP267,0,51,3
ESP003,EMP267,1,0,3
ESP003,EMP267,1,1,4
ESP003,EMP267,1,2,3
ESP003,EMP267,1,3,2
ESP003,EMP267,1,4,1
ESP003,EMP267,1,5,4
ESP003,EMP267,1,6,9
ESP003,EMP267,1,7,10
ESP003,EMP267,1,8,13
ESP003,EMP267,1,9,11
ESP003,EMP267,1,10,9
ESP003,EMP267,1,11,4
ESP003,EMP267,1,12,3
ESP003,EMP267,1,13,4
ESP003,EMP267,1,14,5
ESP003,EMP267,1,15,3
ESP003,EMP267,1,16,4
ESP003,EMP267,1,17,3
ESP003,EMP267,1,18,3
ESP003,EMP267,1,19,5
ESP003,EMP267,1,20,5
ESP003,EMP267,1,21,6
ESP003,EMP267,1,22,9
ESP003,EMP267,1,23,6
ESP003,EMP267,1,24,6
ESP003,EMP267,1,25,11
ESP003,EMP267,1,26,14
ESP003,EMP267,1,27,11
ESP003,EMP267,1,28,16
ESP003,EMP267,1,29,10
ESP003,EMP267,1,30,7
ESP003,EMP267,1,31,11
ESP003,EMP267,1,32,9
ESP003,EMP267,1,33,3
ESP003,EMP267,1,34,5
ESP003,EMP267,1,35,5
ESP003,EMP267,1,36,7
ESP003,EMP267,1,37,4
ESP003,EMP267,1,38,5
ESP003,EMP267,1,39,4
ESP003,EMP267,1,40,3
ESP003,EMP267,1,41,6
ESP003,EMP267,1,42,4
ESP003,EMP267,1,43,6
ESP003,EMP267,1,44,8
ESP003,EMP267,1,45,7
ESP003,EMP267,1,46,7
ESP003,EMP267,1,47,6
ESP003,EMP267,1,48,8
ESP003,EMP267,1,49,6
ESP003,EMP267,1,50,5
ESP003,EMP267,1,51,5
ESP004,EMP267,0,0,4
ESP004,EMP267,0,1,3
ESP004,EMP267,0,2,6
ESP004,EMP267,0,3,6
ESP004,EMP267,0,4,7
ESP004,EMP267,0,5,6
ESP004,EMP267,0,6,7
ESP004,EMP267,0,7,5
ESP004,EMP267,0,8,4
ESP004,EMP267,0,9,7
ESP004,EMP267,0,10,4
ESP004,EMP267,0,11,6
ESP004,EMP267,0,12,5
ESP004,EMP267,0,13,6
ESP004,EMP267,0,14,4
ESP004,EMP267,0,15,4
ESP004,EMP267,0,16,3
ESP004,EMP267,0,17,3
ESP004,EMP267,0,18,3
ESP004,EMP267,0,19,4
ESP004,EMP267,0,20,3
ESP004,EMP267,0,21,4
ESP004,EMP267,0,22,4
ESP004,EMP267,0,23,4
ESP004,EMP267,0,24,4
ESP004,EMP267,0,25,6
ESP004,EMP267,0,26,7
ESP004,EMP267,0,27,8
ESP004,EMP267,0,28,10
ESP004,EMP267,0,29,12
ESP004,EMP267,0,30,11
ESP004,EMP267,0,31,7
ESP004,EMP267,0,32,6
ESP004,EMP267,0,33,5
ESP004,EMP267,0,34,6
ESP004,EMP267,0,35,6
ESP004,EMP267,0,36,5
ESP004,EMP267,0,37,3
ESP004,EMP267,0,38,2
ESP004,EMP267,0,39,2
ESP004,EMP267,0,40,1
ESP004,EMP267,0,41,1
ESP004,EMP267,0,42,1
ESP004,EMP267,0,43,3
ESP004,EMP267,0,44,3
ESP004,EMP267,0,45,3
ESP004,EMP267,0,46,4
ESP004,EMP267,0,47,6
ESP004,EMP267,0,48,6
ESP004,EMP267,0,49,3
ESP004,EMP267,0,50,4
ESP004,EMP267,0,51,2
ESP004,EMP267,1,0,2
ESP004,EMP267,1,1,2
ESP004,EMP267,1,2,1
ESP004,EMP267,1,3,1
ESP004,EMP267,1,4,0
ESP004,EMP267,1,5,3
ESP004,EMP267,1,6,6
ESP004,EMP267,1,7,10
ESP004,EMP267,1,8,16
ESP004,EMP267,1,9,10
ESP004,EMP267,1,10,5
ESP004,EMP267,1,11,3
ESP004,EMP267,1,12,2
ESP004,EMP267,1,13,2
ESP004,EMP267,1,14,1
ESP004,EMP267,1,15,1
ESP004,EMP267,1,16,1
ESP004,EMP267,1,17,2
ESP004,EMP267,1,18,3
ESP004,EMP267,1,19,2
ESP004,EMP267,1,20,3
ESP004,EMP267,1,21,3
ESP004,EMP267,1,22,4
ESP004,EMP267,1,23,6
ESP004,EMP267,1,24,5
ESP004,EMP267,1,25,8
ESP004,EMP267,1,26,7
ESP004,EMP267,1,27,11
ESP004,EMP267,1,28,14
ESP004,EMP267,1,29,11
ESP004,EMP267,1,30,10
ESP004,EMP267,1,31,11
ESP004,EMP267,1,32,5
ESP004,EMP267,1,33,4
ESP004,EMP267,1,34,5
ESP004,EMP267,1,35,2
ESP004,EMP267,1,36,2
ESP004,EMP267,1,37,2
ESP004,EMP267,1,38,2
ESP004,EMP267,1,39,2
ESP004,EMP267,1,40,1
ESP004,EMP267,1,41,3
ESP004,EMP267,1,42,3
ESP004,EMP267,1,43,5
ESP004,EMP267,1,44,6
ESP004,EMP267,1,45,5
ESP004,EMP267,1,46,4
ESP004,EMP267,1,47,5
ESP004,EMP267,1,48,4
ESP004,EMP267,1,49,5
ESP004,EMP267,1,50,5
ESP004,EMP267,1,51,3
ESP005,EMP267,0,0,5
ESP005,EMP267,0,1,5
ESP005,EMP267,0,2,6
ESP005,EMP267,0,3,7
ESP005,EMP267,0,4,4
ESP005,EMP267,0,5,5
ESP005,EMP267,0,6,7
ESP005,EMP267,0,7,9
ESP005,EMP267,0,8,8
ESP005,EMP267,0,9,9
ESP005,EMP267,0,10,6
ESP005,EMP267,0,11,7
ESP005,EMP267,0,12,5
ESP005,EMP267,0,13,6
ESP005,EMP267,0,14,6
ESP005,EMP267,0,15,6
ESP005,EMP267,0,16,5
ESP005,EMP267,0,17,4
ESP005,EMP267,0,18,6
ESP005,EMP267,0,19,2
ESP005,EMP267,0,20,3
ESP005,EMP267,0,21,7
ESP005,EMP267,0,22,7
ESP005,EMP267,0,23,8
ESP005,EMP267,0,24,9
ESP005,EMP267,0,25,7
ESP005,EMP267,0,26,7
ESP005,EMP267,0,27,9
ESP005,EMP267,0,28,11
ESP005,EMP267,0,29,16
ESP005,EMP267,0,30,15
ESP005,EMP267,0,31,11
ESP005,EMP267,0,32,10
ESP005,EMP267,0,33,9
ESP005,EMP267,0,34,9
ESP005,EMP267,0,35,8
ESP005,EMP267,0,36,6
ESP005,EMP267,0,37,4
ESP005,EMP267,0,38,4
ESP005,EMP267,0,39,2
ESP005,EMP267,0,40,2
ESP005,EMP267,0,41,2
ESP005,EMP267,0,42,3
ESP005,EMP267,0,43,4
ESP005,EMP267,0,44,4
ESP005,EMP267,0,45,5
ESP005,EMP267,0,46,6
ESP005,EMP267,0,47,6
ESP005,EMP267,0,48,5
ESP005,EMP267,0,49,6
ESP005,EMP267,0,50,5
ESP005,EMP267,0,51,4
ESP005,EMP267,1,0,3
ESP005,EMP267,1,1,5
ESP005,EMP267,1,2,4
ESP005,EMP267,1,3,2
ESP005,EMP267,1,4,1
ESP005,EMP267,1,5,4
ESP005,EMP267,1,6,9
ESP005,EMP267,1,7,11
ESP005,EMP267,1,8,18
ESP005,EMP267,1,9,9
ESP005,EMP267,1,10,12
ESP005,EMP267,1,11,8
ESP005,EMP267,1,12,3
ESP005,EMP267,1,13,4
ESP005,EMP267,1,14,4
ESP005,EMP267,1,15,4
ESP005,EMP267,1,16,5
ESP005,EMP267,1,17,4
ESP005,EMP267,1,18,4
ESP005,EMP267,1,19,4
ESP005,EMP267,1,20,4
ESP005,EMP267,1,21,5
ESP005,EMP267,1,22,7
ESP005,EMP267,1,23,6
ESP005,EMP267,1,24,6
ESP005,EMP267,1,25,7
ESP005,EMP267,1,26,14
ESP005,EMP267,1,27,16
ESP005,EMP267,1,28,11
ESP005,EMP267,1,29,19
ESP005,EMP267,1,30,15
ESP005,EMP267,1,31,11
ESP005,EMP267,1,32,6
ESP005,EMP267,1,33,5
ESP005,EMP267,1,34,7
ESP005,EMP267,1,35,5
ESP005,EMP267,1,36,5
ESP005,EMP267,1,37,4
ESP005,EMP267,1,38,3
ESP005,EMP267,1,39,3
ESP005,EMP267,1,40,3
ESP005,EMP267,1,41,4
ESP005,EMP267,1,42,4
ESP005,EMP267,1,43,4
ESP005,EMP267,1,44,7
ESP005,EMP267,1,45,5
ESP005,EMP267,1,46,6
ESP005,EMP267,1,47,7
ESP005,EMP267,1,48,5
ESP005,EMP267,1,49,6
ESP005,EMP267,1,50,5
ESP005,EMP267,1,51,4
ESP006,EMP267,0,0,10
ESP006,EMP267,0,1,14
ESP006,EMP267,0,2,10
ESP006,EMP267,0,3,13
ESP006,EMP267,0,4,13
ESP006,EMP267,0,5,12
ESP006,EMP267,0,6,10
ESP006,EMP267,0,7,14
ESP006,EMP267,0,8,16
ESP006,EMP267,0,9,15
ESP006,EMP267,0,10,8
ESP006,EMP267,0,11,10
ESP006,EMP267,0,12,13
ESP006,EMP267,0,13,15
ESP006,EMP267,0,14,13
ESP006,EMP267,0,15,14
ESP006,EMP267,0,16,10
ESP006,EMP267,0,17,10
ESP006,EMP267,0,18,8
ESP006,EMP267,0,19,8
ESP006,EMP267,0,20,7
ESP006,EMP267,0,21,12
ESP006,EMP267,0,22,9
ESP006,EMP267,0,23,10
ESP006,EMP267,0,24,9
ESP006,EMP267,0,25,6
ESP006,EMP267,0,26,14
ESP006,EMP267,0,27,13
ESP006,EMP267,0,28,16
ESP006,EMP267,0,29,15
ESP006,EMP267,0,30,8
ESP006,EMP267,0,31,14
ESP006,EMP267,0,32,16
ESP006,EMP267,0,33,12
ESP006,EMP267,0,34,9
ESP006,EMP267,0,35,11
ESP006,EMP267,0,36,10
ESP006,EMP267,0,37,10
ESP006,EMP267,0,38,9
ESP006,EMP267,0,39,6
ESP006,EMP267,0,40,7
ESP006,EMP267,0,41,6
ESP006,EMP267,0,42,7
ESP006,EMP267,0,43,6
ESP006,EMP267,0,44,8
ESP006,EMP267,0,45,6
ESP006,EMP267,0,46,7
ESP006,EMP267,0,47,8
ESP006,EMP267,0,48,11
ESP006,EMP267,0,49,8
ESP006,EMP267,0,50,11
ESP006,EMP267,0,51,4
ESP006,EMP267,1,0,10
ESP006,EMP267,1,1,8
ESP006,EMP267,1,2,8
ESP006,EMP267,1,3,7
ESP006,EMP267,1,4,7
ESP006,EMP267,1,5,8
ESP006,EMP267,1,6,15
ESP006,EMP267,1,7,18
ESP006,EMP267,1,8,25
ESP006,EMP267,1,9,16
ESP006,EMP267,1,10,14
ESP006,EMP267,1,11,11
ESP006,EMP267,1,12,9
ESP006,EMP267,1,13,6
ESP006,EMP267,1,14,7
ESP006,EMP267,1,15,11
ESP006,EMP267,1,16,9
ESP006,EMP267,1,17,8
ESP006,EMP267,1,18,8
ESP006,EMP267,1,19,7
ESP006,EMP267,1,20,6
ESP006,EMP267,1,21,9
ESP006,EMP267,1,22,9
ESP006,EMP267,1,23,9
ESP006,EMP267,1,24,10
ESP006,EMP267,1,25,12
ESP006,EMP267,1,26,14
ESP006,EMP267,1,27,17
ESP006,EMP267,1,28,18
ESP006,EMP267,1,29,14
ESP006,EMP267,1,30,17
ESP006,EMP267,1,31,10
ESP006,EMP267,1,32,13
ESP006,EMP267,1,33,10
ESP006,EMP267,1,34,8
ESP006,EMP267,1,35,7
ESP006,EMP267,1,36,7
ESP006,EMP267,1,37,8
ESP006,EMP267,1,38,7
ESP006,EMP267,1,39,8
ESP006,EMP267,1,40,7
ESP006,EMP267,1,41,6
ESP006,EMP267,1,42,10
ESP006,EMP267,1,43,9
ESP006,EMP267,1,44,9
ESP006,EMP267,1,45,10
ESP006,EMP267,1,46,13
ESP006,EMP267,1,47,11
ESP006,EMP267,1,48,10
ESP006,EMP267,1,49,9
ESP006,EMP267,1,50,8
ESP006,EMP267,1,51,6
ESP007,EMP267,0,0,3
ESP007,EMP267,0,1,4
ESP007,EMP267,0,2,6
ESP007,EMP267,0,3,5
ESP007,EMP267,0,4,4
ESP007,EMP267,0,5,4
ESP007,EMP267,0,6,4
ESP007,EMP267,0,7,5
ESP007,EMP267,0,8,6
ESP007,EMP267,0,9,6
ESP007,EMP267,0,10,6
ESP007,EMP267,0,11,5
ESP007,EMP267,0,12,4
ESP007,EMP267,0,13,4
ESP007,EMP267,0,14,4
ESP007,EMP267,0,15,4
ESP007,EMP267,0,16,4
ESP007,EMP267,0,17,3
ESP007,EMP267,0,18,2
ESP007,EMP267,0,19,2
ESP007,EMP267,0,20,3
ESP007,EMP267,0,21,3
ESP007,EMP267,0,22,3
ESP007,EMP267,0,23,3
ESP007,EMP267,0,24,3
ESP007,EMP267,0,25,4
ESP007,EMP267,0,26,7
ESP007,EMP267,0,27,9
ESP007,EMP267,0,28,11
ESP007,EMP267,0,29,11
ESP007,EMP267,0,30,7
ESP007,EMP267,0,31,7
ESP007,EMP267,0,32,7
ESP007,EMP267,0,33,6
ESP007,EMP267,0,34,4
ESP007,EMP267,0,35,5
ESP007,EMP267,0,36,3
ESP007,EMP267,0,37,3
ESP007,EMP267,0,38,2
ESP007,EMP267,0,39,1
ESP007,EMP267,0,40,2
ESP007,EMP267,0,41,1
ESP007,EMP267,0,42,2
ESP007,EMP267,0,43,1
ESP007,EMP267,0,44,2
ESP007,EMP267,0,45,3
ESP007,EMP267,0,46,4
ESP007,EMP267,0,47,4
ESP007,EMP267,0,48,5
ESP007,EMP267,0,49,3
ESP007,EMP267,0,50,3
ESP007,EMP267,0,51,2
ESP007,EMP267,1,0,2
ESP007,EMP267,1,1,1
ESP007,EMP267,1,2,1
ESP007,EMP267,1,3,1
ESP007,EMP267,1,4,0
ESP007,EMP267,1,5,4
ESP007,EMP267,1,6,6
ESP007,EMP267,1,7,11
ESP007,EMP267,1,8,15
ESP007,EMP267,1,9,10
ESP007,EMP267,1,10,7
ESP007,EMP267,1,11,3
ESP007,EMP267,1,12,1
ESP007,EMP267,1,13,1
ESP007,EMP267,1,14,2
ESP007,EMP267,1,15,1
ESP007,EMP267,1,16,2
ESP007,EMP267,1,17,1
ESP007,EMP267,1,18,2
ESP007,EMP267,1,19,1
ESP007,EMP267,1,20,1
ESP007,EMP267,1,21,3
ESP007,EMP267,1,22,4
ESP007,EMP267,1,23,5
ESP007,EMP267,1,24,4
ESP007,EMP267,1,25,5
ESP007,EMP267,1,26,10
ESP007,EMP267,1,27,11
ESP007,EMP267,1,28,16
ESP007,EMP267,1,29,12
ESP007,EMP267,1,30,8
ESP007,EMP267,1,31,6
ESP007,EMP267,1,32,4
ESP007,EMP267,1,33,4
ESP007,EMP267,1,34,2
ESP007,EMP267,1,35,1
ESP007,EMP267,1,36,2
ESP007,EMP267,1,37,1
ESP007,EMP267,1,38,1
ESP007,EMP267,1,39,1
ESP007,EMP267,1,40,0
ESP007,EMP267,1,41,2
ESP007,EMP267,1,42,4
ESP007,EMP267,1,43,3
ESP007,EMP267,1,44,4
ESP007,EMP267,1,45,7
ESP007,EMP267,1,46,6
ESP007,EMP267,1,47,4
ESP007,EMP267,1,48,3
ESP007,EMP267,1,49,4
ESP007,EMP267,1,50,4
ESP007,EMP267,1,51,4
ESP008,EMP267,0,0,4
ESP008,EMP267,0,1,5
ESP008,EMP267,0,2,6
ESP008,EMP267,0,3,9
ESP008,EMP267,0,4,9
ESP008,EMP267,0,5,10
ESP008,EMP267,0,6,8
ESP008,EMP267,0,7,7
ESP008,EMP267,0,8,7
ESP008,EMP267,0,9,6
ESP008,EMP267,0,10,7
ESP008,EMP267,0,11,8
ESP008,EMP267,0,12,8
ESP008,EMP267,0,13,6
ESP008,EMP267,0,14,6
ESP008,EMP267,0,15,6
ESP008,EMP267,0,16,4
ESP008,EMP267,0,17,5
ESP008,EMP267,0,18,3
ESP008,EMP267,0,19,3
ESP008,EMP267,0,20,4
ESP008,EMP267,0,21,5
ESP008,EMP267,0,22,5
ESP008,EMP267,0,23,5
ESP008,EMP267,0,24,4
ESP008,EMP267,0,25,5
ESP008,EMP267,0,26,5
ESP008,EMP267,0,27,12
ESP008,EMP267,0,28,11
ESP008,EMP267,0,29,12
ESP008,EMP267,0,30,9
ESP008,EMP267,0,31,8
ESP008,EMP267,0,32,7
ESP008,EMP267,0,33,8
ESP008,EMP267,0,34,7
ESP008,EMP267,0,35,6
ESP008,EMP267,0,36,3
ESP008,EMP267,0,37,4
ESP008,EMP267,0,38,4
ESP008,EMP267,0,39,2
ESP008,EMP267,0,40,1
ESP008,EMP267,0,41,2
ESP008,EMP267,0,42,3
ESP008,EMP267,0,43,3
ESP008,EMP267,0,44,3
ESP008,EMP267,0,45,4
ESP008,EMP267,0,46,4
ESP008,EMP267,0,47,5
ESP008,EMP267,0,48,6
ESP008,EMP267,0,49,3
ESP008,EMP267,0,50,4
ESP008,EMP267,0,51,3
ESP008,EMP267,1,0,4
ESP008,EMP267,1,1,2
ESP008,EMP267,1,2,2
ESP008,EMP267,1,3,1
ESP008,EMP267,1,4,0
ESP008,EMP267,1,5,4
ESP008,EMP267,1,6,7
ESP008,EMP267,1,7,9
ESP008,EMP267,1,8,17
ESP008,EMP267,1,9,10
ESP008,EMP267,1,10,9
ESP008,EMP267,1,11,6
ESP008,EMP267,1,12,3
ESP008,EMP267,1,13,4
ESP008,EMP267,1,14,3
ESP008,EMP267,1,15,3
ESP008,EMP267,1,16,5
ESP008,EMP267,1,17,4
ESP008,EMP267,1,18,5
ESP008,EMP267,1,19,3
ESP008,EMP267,1,20,5
ESP008,EMP267,1,21,5
ESP008,EMP267,1,22,6
ESP008,EMP267,1,23,6
ESP008,EMP267,1,24,7
ESP008,EMP267,1,25,8
ESP008,EMP267,1,26,9
ESP008,EMP267,1,27,11
ESP008,EMP267,1,28,13
ESP008,EMP267,1,29,11
ESP008,EMP267,1,30,12
ESP008,EMP267,1,31,7
ESP008,EMP267,1,32,5
ESP008,EMP267,1,33,5
ESP008,EMP267,1,34,7
ESP008,EMP267,1,35,6
ESP008,EMP267,1,36,3
ESP008,EMP267,1,37,4
ESP008,EMP267,1,38,3
ESP008,EMP267,1,39,4
ESP008,EMP267,1,40,4
ESP008,EMP267,1,41,3
ESP008,EMP267,1,42,7
ESP008,EMP267,1,43,8
ESP008,EMP267,1,44,8
ESP008,EMP267,1,45,7
ESP008,EMP267,1,46,6
ESP008,EMP267,1,47,3
ESP008,EMP267,1,48,5
ESP008,EMP267,1,49,7
ESP008,EMP267,1,50,5
ESP008,EMP267,1,51,4
ESP001,EMP290,0,0,2
ESP001,EMP290,0,1,1
ESP001,EMP290,0,2,1
ESP001,EMP290,0,3,1
ESP001,EMP290,0,4,0
ESP001,EMP290,0,5,0
ESP001,EMP290,0,6,0
ESP001,EMP290,0,7,0
ESP001,EMP290,0,8,0
ESP001,EMP290,0,9,0
ESP001,EMP290,0,10,0
ESP001,EMP290,0,11,0
ESP001,EMP290,0,12,0
ESP001,EMP290,0,13,0
ESP001,EMP290,0,14,0
ESP001,EMP290,0,15,0
ESP001,EMP290,0,16,0
ESP001,EMP290,0,17,0
ESP001,EMP290,0,18,0
ESP001,EMP290,0,19,0
ESP001,EMP290,0,20,1
ESP001,EMP290,0,21,1
ESP001,EMP290,0,22,0
ESP001,EMP290,0,23,0
ESP001,EMP290,0,24,0
ESP001,EMP290,0,25,1
ESP001,EMP290,0,26,1
ESP001,EMP290,0,27,1
ESP001,EMP290,0,28,1
ESP001,EMP290,0,29,2
ESP001,EMP290,0,30,1
ESP001,EMP290,0,31,2
ESP001,EMP290,0,32,2
ESP001,EMP290,0,33,2
ESP001,EMP290,0,34,0
ESP001,EMP290,0,35,1
ESP001,EMP290,0,36,0
ESP001,EMP290,0,37,0
ESP001,EMP290,0,38,0
ESP001,EMP290,0,39,0
ESP001,EMP290,0,40,0
ESP001,EMP290,0,41,0
ESP001,EMP290,0,42,0
ESP001,EMP290,0,43,0
ESP001,EMP290,0,44,0
ESP001,EMP290,0,45,1
ESP001,EMP290,0,46,1
ESP001,EMP290,0,47,2
ESP001,EMP290,0,48,2
ESP001,EMP290,0,49,1
ESP001,EMP290,0,50,1
ESP001,EMP290,0,51,1
ESP001,EMP290,1,0,0
ESP001,EMP290,1,1,0
ESP001,EMP290,1,2,0
ESP001,EMP290,1,3,0
ESP001,EMP290,1,4,0
ESP001,EMP290,1,5,0
ESP001,EMP290,1,6,0
ESP001,EMP290,1,7,0
ESP001,EMP290,1,8,0
ESP001,EMP290,1,9,0
ESP001,EMP290,1,10,0
ESP001,EMP290,1,11,0
ESP001,EMP290,1,12,0
ESP001,EMP290,1,13,0
ESP001,EMP290,1,14,0
ESP001,EMP290,1,15,0
ESP001,EMP290,1,16,0
ESP001,EMP290,1,17,0
ESP001,EMP290,1,18,0
ESP001,EMP290,1,19,0
ESP001,EMP290,1,20,0
ESP001,EMP290,1,21,0
ESP001,EMP290,1,22,1
ESP001,EMP290,1,23,1
ESP001,EMP290,1,24,1
ESP001,EMP290,1,25,2
ESP001,EMP290,1,26,1
ESP001,EMP290,1,27,1
ESP001,EMP290,1,28,0
ESP001,EMP290,1,29,1
ESP001,EMP290,1,30,1
ESP001,EMP290,1,31,1
ESP001,EMP290,1,32,2
ESP001,EMP290,1,33,1
ESP001,EMP290,1,34,1
ESP001,EMP290,1,35,0
ESP001,EMP290,1,36,0
ESP001,EMP290,1,37,0
ESP001,EMP290,1,38,0
ESP001,EMP290,1,39,0
ESP001,EMP290,1,40,0
ESP001,EMP290,1,41,0
ESP001,EMP290,1,42,0
ESP001,EMP290,1,43,0
ESP001,EMP290,1,44,0
ESP001,EMP290,1,45,0
ESP001,EMP290,1,46,0
ESP001,EMP290,1,47,0
ESP001,EMP290,1,48,0
ESP001,EMP290,1,49,0
ESP001,EMP290,1,50,0
ESP001,EMP290,1,51,0
ESP002,EMP290,0,0,0
ESP002,EMP290,0,1,0
ESP002,EMP290,0,2,0
ESP002,EMP290,0,3,0
ESP002,EMP290,0,4,0
ESP002,EMP290,0,5,0
ESP002,EMP290,0,6,0
ESP002,EMP290,0,7,0
ESP002,EMP290,0,8,0
ESP002,EMP290,0,9,0
ESP002,EMP290,0,10,0
ESP002,EMP290,0,11,0
ESP002,EMP290,0,12,0
ESP002,EMP290,0,13,0
ESP002,EMP290,0,14,0
ESP002,EMP290,0,15,0
ESP002,EMP290,0,16,0
ESP002,EMP290,0,17,0
ESP002,EMP290,0,18,0
ESP002,EMP290,0,19,0
ESP002,EMP290,0,20,1
ESP002,EMP290,0,21,1
ESP002,EMP290,0,22,0
ESP002,EMP290,0,23,0
ESP002,EMP290,0,24,0
ESP002,EMP290,0,25,0
ESP002,EMP290,0,26,1
ESP002,EMP290,0,27,1
ESP002,EMP290,0,28,2
ESP002,EMP290,0,29,1
ESP002,EMP290,0,30,2
ESP002,EMP290,0,31,1
ESP002,EMP290,0,32,0
ESP002,EMP290,0,33,1
ESP002,EMP290,0,34,0
ESP002,EMP290,0,35,0
ESP002,EMP290,0,36,0
ESP002,EMP290,0,37,0
ESP002,EMP290,0,38,0
ESP002,EMP290,0,39,0
ESP002,EMP290,0,40,0
ESP002,EMP290,0,41,0
ESP002,EMP290,0,42,0
ESP002,EMP290,0,43,0
ESP002,EMP290,0,44,0
ESP002,EMP290,0,45,0
ESP002,EMP290,0,46,0
ESP002,EMP290,0,47,1
ESP002,EMP290,0,48,1
ESP002,EMP290,0,49,1
ESP002,EMP290,0,50,1
ESP002,EMP290,0,51,1
ESP002,EMP290,1,0,0
ESP002,EMP290,1,1,0
ESP002,EMP290,1,2,0
ESP002,EMP290,1,3,0
ESP002,EMP290,1,4,0
ESP002,EMP290,1,5,0
ESP002,EMP290,1,6,0
ESP002,EMP290,1,7,0
ESP002,EMP290,1,8,0
ESP002,EMP290,1,9,0
ESP002,EMP290,1,10,0
ESP002,EMP290,1,11,0
ESP002,EMP290,1,12,0
ESP002,EMP290,1,13,0
ESP002,EMP290,1,14,0
ESP002,EMP290,1,15,0
ESP002,EMP290,1,16,0
ESP002,EMP290,1,17,0
ESP002,EMP290,1,18,0
ESP002,EMP290,1,19,0
ESP002,EMP290,1,20,0
ESP002,EMP290,1,21,0
ESP002,EMP290,1,22,1
ESP002,EMP290,1,23,0
ESP002,EMP290,1,24,1
ESP002,EMP290,1,25,1
ESP002,EMP290,1,26,0
ESP002,EMP290,1,27,0
ESP002,EMP290,1,28,0
ESP002,EMP290,1,29,0
ESP002,EMP290,1,30,0
ESP002,EMP290,1,31,1
ESP002,EMP290,1,32,1
ESP002,EMP290,1,33,1
ESP002,EMP290,1,34,0
ESP002,EMP290,1,35,0
ESP002,EMP290,1,36,0
ESP002,EMP290,1,37,0
ESP002,EMP290,1,38,0
ESP002,EMP290,1,39,0
ESP002,EMP290,1,40,0
ESP002,EMP290,1,41,0
ESP002,EMP290,1,42,0
ESP002,EMP290,1,43,0
ESP002,EMP290,1,44,0
ESP002,EMP290,1,45,0
ESP002,EMP290,1,46,0
ESP002,EMP290,1,47,0
ESP002,EMP290,1,48,0
ESP002,EMP290,1,49,0
ESP002,EMP290,1,50,0
ESP002,EMP290,1,51,0
ESP003,EMP290,0,0,1
ESP003,EMP290,0,1,1
ESP003,EMP290,0,2,0
ESP003,EMP290,0,3,0
ESP003,EMP290,0,4,1
ESP003,EMP290,0,5,1
ESP003,EMP290,0,6,0
ESP003,EMP290,0,7,0
ESP003,EMP290,0,8,0
ESP003,EMP290,0,9,0
ESP003,EMP290,0,10,0
ESP003,EMP290,0,11,0
ESP003,EMP290,0,12,0
ESP003,EMP290,0,13,0
ESP003,EMP290,0,14,0
ESP003,EMP290,0,15,0
ESP003,EMP290,0,16,0
ESP003,EMP290,0,17,0
ESP003,EMP290,0,18,0
ESP003,EMP290,0,19,0
ESP003,EMP290,0,20,1
ESP003,EMP290,0,21,0
ESP003,EMP290,0,22,0
ESP003,EMP290,0,23,0
ESP003,EMP290,0,24,0
ESP003,EMP290,0,25,1
ESP003,EMP290,0,26,1
ESP003,EMP290,0,27,1
ESP003,EMP290,0,28,1
ESP003,EMP290,0,29,3
ESP003,EMP290,0,30,1
ESP003,EMP290,0,31,1
ESP003,EMP290,0,32,1
ESP003,EMP290,0,33,1
ESP003,EMP290,0,34,0
ESP003,EMP290,0,35,1
ESP003,EMP290,0,36,0
ESP003,EMP290,0,37,0
ESP003,EMP290,0,38,0
ESP003,EMP290,0,39,0
ESP003,EMP290,0,40,0
ESP003,EMP290,0,41,0
ESP003,EMP290,0,42,0
ESP003,EMP290,0,43,0
ESP003,EMP290,0,44,0
ESP003,EMP290,0,45,0
ESP003,EMP290,0,46,1
ESP003,EMP290,0,47,1
ESP003,EMP290,0,48,2
ESP003,EMP290,0,49,1
ESP003,EMP290,0,50,1
ESP003,EMP290,0,51,0
ESP003,EMP290,1,0,0
ESP003,EMP290,1,1,0
ESP003,EMP290,1,2,0
ESP003,EMP290,1,3,0
ESP003,EMP290,1,4,0
ESP003,EMP290,1,5,0
ESP003,EMP290,1,6,0
ESP003,EMP290,1,7,0
ESP003,EMP290,1,8,0
ESP003,EMP290,1,9,0
ESP003,EMP290,1,10,0
ESP003,EMP290,1,11,0
ESP003,EMP290,1,12,0
ESP003,EMP290,1,13,0
ESP003,EMP290,1,14,0
ESP003,EMP290,1,15,0
ESP003,EMP290,1,16,0
ESP003,EMP290,1,17,0
ESP003,EMP290,1,18,0
ESP003,EMP290,1,19,0
ESP003,EMP290,1,20,0
ESP003,EMP290,1,21,0
ESP003,EMP290,1,22,1
ESP003,EMP290,1,23,1
ESP003,EMP290,1,24,1
ESP003,EMP290,1,25,1
ESP003,EMP290,1,26,0
ESP003,EMP290,1,27,0
ESP003,EMP290,1,28,0
ESP003,EMP290,1,29,0
ESP003,EMP290,1,30,1
ESP003,EMP290,1,31,1
ESP003,EMP290,1,32,1
ESP003,EMP290,1,33,1
ESP003,EMP290,1,34,1
ESP003,EMP290,1,35,0
ESP003,EMP290,1,36,0
ESP003,EMP290,1,37,0
ESP003,EMP290,1,38,0
ESP003,EMP290,1,39,0
ESP003,EMP290,1,40,0
ESP003,EMP290,1,41,0
ESP003,EMP290,1,42,0
ESP003,EMP290,1,43,0
ESP003,EMP290,1,44,0
ESP003,EMP290,1,45,0
ESP003,EMP290,1,46,0
ESP003,EMP290,1,47,0
ESP003,EMP290,1,48,0
ESP003,EMP290,1,49,0
ESP003,EMP290,1,50,0
ESP003,EMP290,1,51,0
ESP004,EMP290,0,0,2
ESP004,EMP290,0,1,1
ESP004,EMP290,0,2,2
ESP004,EMP290,0,3,2
ESP004,EMP290,0,4,2
ESP004,EMP290,0,5,1
ESP004,EMP290,0,6,1
ESP004,EMP290,0,7,1
ESP004,EMP290,0,8,0
ESP004,EMP290,0,9,0
ESP004,EMP290,0,10,0
ESP004,EMP290,0,11,0
ESP004,EMP290,0,12,0
ESP004,EMP290,0,13,0
ESP004,EMP290,0,14,0
ESP004,EMP290,0,15,1
ESP004,EMP290,0,16,1
ESP004,EMP290,0,17,1
ESP004,EMP290,0,18,1
ESP004,EMP290,0,19,1
ESP004,EMP290,0,20,2
ESP004,EMP290,0,21,1
ESP004,EMP290,0,22,1
ESP004,EMP290,0,23,0
ESP004,EMP290,0,24,0
ESP004,EMP290,0,25,0
ESP004,EMP290,0,26,1
ESP004,EMP290,0,27,1
ESP004,EMP290,0,28,2
ESP004,EMP290,0,29,2
ESP004,EMP290,0,30,2
ESP004,EMP290,0,31,3
ESP004,EMP290,0,32,3
ESP004,EMP290,0,33,2
ESP004,EMP290,0,34,2
ESP004,EMP290,0,35,1
ESP004,EMP290,0,36,1
ESP004,EMP290,0,37,1
ESP004,EMP290,0,38,1
ESP004,EMP290,0,39,2
ESP004,EMP290,0,40,1
ESP004,EMP290,0,41,1
ESP004,EMP290,0,42,1
ESP004,EMP290,0,43,1
ESP004,EMP290,0,44,1
ESP004,EMP290,0,45,1
ESP004,EMP290,0,46,2
ESP004,EMP290,0,47,1
ESP004,EMP290,0,48,4
ESP004,EMP290,0,49,2
ESP004,EMP290,0,50,1
ESP004,EMP290,0,51,2
ESP004,EMP290,1,0,1
ESP004,EMP290,1,1,1
ESP004,EMP290,1,2,0
ESP004,EMP290,1,3,0
ESP004,EMP290,1,4,0
ESP004,EMP290,1,5,0
ESP004,EMP290,1,6,0
ESP004,EMP290,1,7,0
ESP004,EMP290,1,8,0
ESP004,EMP290,1,9,0
ESP004,EMP290,1,10,0
ESP004,EMP290,1,11,1
ESP004,EMP290,1,12,2
ESP004,EMP290,1,13,1
ESP004,EMP290,1,14,1
ESP004,EMP290,1,15,0
ESP004,EMP290,1,16,1
ESP004,EMP290,1,17,0
ESP004,EMP290,1,18,1
ESP004,EMP290,1,19,0
ESP004,EMP290,1,20,0
ESP004,EMP290,1,21,1
ESP004,EMP290,1,22,3
ESP004,EMP290,1,23,2
ESP004,EMP290,1,24,3
ESP004,EMP290,1,25,2
ESP004,EMP290,1,26,1
ESP004,EMP290,1,27,1
ESP004,EMP290,1,28,1
ESP004,EMP290,1,29,1
ESP004,EMP290,1,30,3
ESP004,EMP290,1,31,2
ESP004,EMP290,1,32,2
ESP004,EMP290,1,33,1
ESP004,EMP290,1,34,0
ESP004,EMP290,1,35,1
ESP004,EMP290,1,36,1
ESP004,EMP290,1,37,1
ESP004,EMP290,1,38,0
ESP004,EMP290,1,39,0
ESP004,EMP290,1,40,0
ESP004,EMP290,1,41,0
ESP004,EMP290,1,42,0
ESP004,EMP290,1,43,0
ESP004,EMP290,1,44,0
ESP004,EMP290,1,45,1
ESP004,EMP290,1,46,0
ESP004,EMP290,1,47,0
ESP004,EMP290,1,48,1
ESP004,EMP290,1,49,1
ESP004,EMP290,1,50,1
ESP004,EMP290,1,51,1
ESP005,EMP290,0,0,1
ESP005,EMP290,0,1,1
ESP005,EMP290,0,2,1
ESP005,EMP290,0,3,1
ESP005,EMP290,0,4,1
ESP005,EMP290,0,5,1
ESP005,EMP290,0,6,1
ESP005,EMP290,0,7,0
ESP005,EMP290,0,8,0
ESP005,EMP290,0,9,0
ESP005,EMP290,0,10,0
ESP005,EMP290,0,11,0
ESP005,EMP290,0,12,0
ESP005,EMP290,0,13,0
ESP005,EMP290,0,14,0
ESP005,EMP290,0,15,0
ESP005,EMP290,0,16,1
ESP005,EMP290,0,17,1
ESP005,EMP290,0,18,1
ESP005,EMP290,0,19,1
ESP005,EMP290,0,20,1
ESP005,EMP290,0,21,1
ESP005,EMP290,0,22,1
ESP005,EMP290,0,23,0
ESP005,EMP290,0,24,0
ESP005,EMP290,0,25,1
ESP005,EMP290,0,26,1
ESP005,EMP290,0,27,1
ESP005,EMP290,0,28,3
ESP005,EMP290,0,29,4
ESP005,EMP290,0,30,3
ESP005,EMP290,0,31,1
ESP005,EMP290,0,32,1
ESP005,EMP290,0,33,1
ESP005,EMP290,0,34,2
ESP005,EMP290,0,35,1
ESP005,EMP290,0,36,1
ESP005,EMP290,0,37,1
ESP005,EMP290,0,38,1
ESP005,EMP290,0,39,1
ESP005,EMP290,0,40,1
ESP005,EMP290,0,41,1
ESP005,EMP290,0,42,1
ESP005,EMP290,0,43,1
ESP005,EMP290,0,44,1
ESP005,EMP290,0,45,1
ESP005,EMP290,0,46,1
ESP005,EMP290,0,47,1
ESP005,EMP290,0,48,1
ESP005,EMP290,0,49,1
ESP005,EMP290,0,50,1
ESP005,EMP290,0,51,1
ESP005,EMP290,1,0,0
ESP005,EMP290,1,1,1
ESP005,EMP290,1,2,0
ESP005,EMP290,1,3,0
ESP005,EMP290,1,4,0
ESP005,EMP290,1,5,0
ESP005,EMP290,1,6,0
ESP005,EMP290,1,7,0
ESP005,EMP290,1,8,0
ESP005,EMP290,1,9,1
ESP005,EMP290,1,10,1
ESP005,EMP290,1,11,1
ESP005,EMP290,1,12,1
ESP005,EMP290,1,13,2
ESP005,EMP290,1,14,1
ESP005,EMP290,1,15,1
ESP005,EMP290,1,16,1
ESP005,EMP290,1,17,1
ESP005,EMP290,1,18,0
ESP005,EMP290,1,19,1
ESP005,EMP290,1,20,1
ESP005,EMP290,1,21,1
ESP005,EMP290,1,22,1
ESP005,EMP290,1,23,1
ESP005,EMP290,1,24,2
ESP005,EMP290,1,25,2
ESP005,EMP290,1,26,1
ESP005,EMP290,1,27,1
ESP005,EMP290,1,28,0
ESP005,EMP290,1,29,1
ESP005,EMP290,1,30,1
ESP005,EMP290,1,31,1
ESP005,EMP290,1,32,2
ESP005,EMP290,1,33,1
ESP005,EMP290,1,34,1
ESP005,EMP290,1,35,1
ESP005,EMP290,1,36,1
ESP005,EMP290,1,37,1
ESP005,EMP290,1,38,0
ESP005,EMP290,1,39,0
ESP005,EMP290,1,40,0
ESP005,EMP290,1,41,0
ESP005,EMP290,1,42,0
ESP005,EMP290,1,43,1
ESP005,EMP290,1,44,1
ESP005,EMP290,1,45,2
ESP005,EMP290,1,46,1
ESP005,EMP290,1,47,1
ESP005,EMP290,1,48,1
ESP005,EMP290,1,49,1
ESP005,EMP290,1,50,2
ESP005,EMP290,1,51,1
ESP006,EMP290,0,0,2
ESP006,EMP290,0,1,3
ESP006,EMP290,0,2,3
ESP006,EMP290,0,3,2
ESP006,EMP290,0,4,3
ESP006,EMP290,0,5,2
ESP006,EMP290,0,6,1
ESP006,EMP290,0,7,1
ESP006,EMP290,0,8,1
ESP006,EMP290,0,9,2
ESP006,EMP290,0,10,1
ESP006,EMP290,0,11,1
ESP006,EMP290,0,12,1
ESP006,EMP290,0,13,1
ESP006,EMP290,0,14,2
ESP006,EMP290,0,15,1
ESP006,EMP290,0,16,1
ESP006,EMP290,0,17,2
ESP006,EMP290,0,18,1
ESP006,EMP290,0,19,2
ESP006,EMP290,0,20,2
ESP006,EMP290,0,21,3
ESP006,EMP290,0,22,2
ESP006,EMP290,0,23,1
ESP006,EMP290,0,24,1
ESP006,EMP290,0,25,2
ESP006,EMP290,0,26,2
ESP006,EMP290,0,27,3
ESP006,EMP290,0,28,2
ESP006,EMP290,0,29,3
ESP006,EMP290,0,30,1
ESP006,EMP290,0,31,3
ESP006,EMP290,0,32,3
ESP006,EMP290,0,33,3
ESP006,EMP290,0,34,1
ESP006,EMP290,0,35,2
ESP006,EMP290,0,36,2
ESP006,EMP290,0,37,2
ESP006,EMP290,0,38,2
ESP006,EMP290,0,39,1
ESP006,EMP290,0,40,2
ESP006,EMP290,0,41,2
ESP006,EMP290,0,42,2
ESP006,EMP290,0,43,1
ESP006,EMP290,0,44,1
ESP006,EMP290,0,45,2
ESP006,EMP290,0,46,1
ESP006,EMP290,0,47,3
ESP006,EMP290,0,48,3
ESP006,EMP290,0,49,1
ESP006,EMP290,0,50,2
ESP006,EMP290,0,51,2
ESP006,EMP290,1,0,1
ESP006,EMP290,1,1,2
ESP006,EMP290,1,2,0
ESP006,EMP290,1,3,1
ESP006,EMP290,1,4,1
ESP006,EMP290,1,5,1
ESP006,EMP290,1,6,1
ESP006,EMP290,1,7,1
ESP006,EMP290,1,8,1
ESP006,EMP290,1,9,2
ESP006,EMP290,1,10,1
ESP006,EMP290,1,11,2
ESP006,EMP290,1,12,3
ESP006,EMP290,1,13,2
ESP006,EMP290,1,14,2
ESP006,EMP290,1,15,2
ESP006,EMP290,1,16,1
ESP006,EMP290,1,17,1
ESP006,EMP290,1,18,1
ESP006,EMP290,1,19,2
ESP006,EMP290,1,20,1
ESP006,EMP290,1,21,1
ESP006,EMP290,1,22,3
ESP006,EMP290,1,23,3
ESP006,EMP290,1,24,4
ESP006,EMP290,1,25,4
ESP006,EMP290,1,26,2
ESP006,EMP290,1,27,2
ESP006,EMP290,1,28,2
ESP006,EMP290,1,29,2
ESP006,EMP290,1,30,1
ESP006,EMP290,1,31,2
ESP006,EMP290,1,32,2
ESP006,EMP290,1,33,2
ESP006,EMP290,1,34,3
ESP006,EMP290,1,35,1
ESP006,EMP290,1,36,1
ESP006,EMP290,1,37,1
ESP006,EMP290,1,38,1
ESP006,EMP290,1,39,0
ESP006,EMP290,1,40,1
ESP006,EMP290,1,41,1
ESP006,EMP290,1,42,1
ESP006,EMP290,1,43,1
ESP006,EMP290,1,44,2
ESP006,EMP290,1,45,1
ESP006,EMP290,1,46,1
ESP006,EMP290,1,47,1
ESP006,EMP290,1,48,1
ESP006,EMP290,1,49,2
ESP006,EMP290,1,50,1
ESP006,EMP290,1,51,2
ESP007,EMP290,0,0,1
ESP007,EMP290,0,1,1
ESP007,EMP290,0,2,1
ESP007,EMP290,0,3,2
ESP007,EMP290,0,4,1
ESP007,EMP290,0,5,1
ESP007,EMP290,0,6,1
ESP007,EMP290,0,7,1
ESP007,EMP290,0,8,0
ESP007,EMP290,0,9,0
ESP007,EMP290,0,10,0
ESP007,EMP290,0,11,0
ESP007,EMP290,0,12,0
ESP007,EMP290,0,13,0
ESP007,EMP290,0,14,1
ESP007,EMP290,0,15,1
ESP007,EMP290,0,16,1
ESP007,EMP290,0,17,2
ESP007,EMP290,0,18,2
ESP007,EMP290,0,19,1
ESP007,EMP290,0,20,2
ESP007,EMP290,0,21,1
ESP007,EMP290,0,22,1
ESP007,EMP290,0,23,1
ESP007,EMP290,0,24,1
ESP007,EMP290,0,25,2
ESP007,EMP290,0,26,1
ESP007,EMP290,0,27,1
ESP007,EMP290,0,28,1
ESP007,EMP290,0,29,3
ESP007,EMP290,0,30,1
ESP007,EMP290,0,31,2
ESP007,EMP290,0,32,1
ESP007,EMP290,0,33,1
ESP007,EMP290,0,34,1
ESP007,EMP290,0,35,1
ESP007,EMP290,0,36,1
ESP007,EMP290,0,37,1
ESP007,EMP290,0,38,1
ESP007,EMP290,0,39,1
ESP007,EMP290,0,40,1
ESP007,EMP290,0,41,1
ESP007,EMP290,0,42,1
ESP007,EMP290,0,43,1
ESP007,EMP290,0,44,0
ESP007,EMP290,0,45,1
ESP007,EMP290,0,46,1
ESP007,EMP290,0,47,1
ESP007,EMP290,0,48,1
ESP007,EMP290,0,49,2
ESP007,EMP290,0,50,0
ESP007,EMP290,0,51,1
ESP007,EMP290,1,0,0
ESP007,EMP290,1,1,0
ESP007,EMP290,1,2,0
ESP007,EMP290,1,3,0
ESP007,EMP290,1,4,0
ESP007,EMP290,1,5,0
ESP007,EMP290,1,6,0
ESP007,EMP290,1,7,0
ESP007,EMP290,1,8,0
ESP007,EMP290,1,9,0
ESP007,EMP290,1,10,1
ESP007,EMP290,1,11,1
ESP007,EMP290,1,12,1
ESP007,EMP290,1,13,1
ESP007,EMP290,1,14,1
ESP007,EMP290,1,15,1
ESP007,EMP290,1,16,1
ESP007,EMP290,1,17,1
ESP007,EMP290,1,18,1
ESP007,EMP290,1,19,1
ESP007,EMP290,1,20,1
ESP007,EMP290,1,21,1
ESP007,EMP290,1,22,1
ESP007,EMP290,1,23,1
ESP007,EMP290,1,24,2
ESP007,EMP290,1,25,1
ESP007,EMP290,1,26,1
ESP007,EMP290,1,27,1
ESP007,EMP290,1,28,0
ESP007,EMP290,1,29,1
ESP007,EMP290,1,30,2
ESP007,EMP290,1,31,1
ESP007,EMP290,1,32,2
ESP007,EMP290,1,33,2
ESP007,EMP290,1,34,1
ESP007,EMP290,1,35,1
ESP007,EMP290,1,36,1
ESP007,EMP290,1,37,0
ESP007,EMP290,1,38,0
ESP007,EMP290,1,39,0
ESP007,EMP290,1,40,0
ESP007,EMP290,1,41,0
ESP007,EMP290,1,42,0
ESP007,EMP290,1,43,1
ESP007,EMP290,1,44,0
ESP007,EMP290,1,45,0
ESP007,EMP290,1,46,0
ESP007,EMP290,1,47,0
ESP007,EMP290,1,48,0
ESP007,EMP290,1,49,1
ESP007,EMP290,1,50,0
ESP007,EMP290,1,51,1
ESP008,EMP290,0,0,1
ESP008,EMP290,0,1,0
ESP008,EMP290,0,2,0
ESP008,EMP290,0,3,0
ESP008,EMP290,0,4,0
ESP008,EMP290,0,5,0
ESP008,EMP290,0,6,0
ESP008,EMP290,0,7,0
ESP008,EMP290,0,8,0
ESP008,EMP290,0,9,0
ESP008,EMP290,0,10,0
ESP008,EMP290,0,11,0
ESP008,EMP290,0,12,0
ESP008,EMP290,0,13,0
ESP008,EMP290,0,14,0
ESP008,EMP290,0,15,0
ESP008,EMP290,0,16,0
ESP008,EMP290,0,17,0
ESP008,EMP290,0,18,0
ESP008,EMP290,0,19,0
ESP008,EMP290,0,20,0
ESP008,EMP290,0,21,0
ESP008,EMP290,0,22,0
ESP008,EMP290,0,23,0
ESP008,EMP290,0,24,0
ESP008,EMP290,0,25,0
ESP008,EMP290,0,26,1
ESP008,EMP290,0,27,2
ESP008,EMP290,0,28,3
ESP008,EMP290,0,29,1
ESP008,EMP290,0,30,1
ESP008,EMP290,0,31,1
ESP008,EMP290,0,32,1
ESP008,EMP290,0,33,1
ESP008,EMP290,0,34,0
ESP008,EMP290,0,35,0
ESP008,EMP290,0,36,0
ESP008,EMP290,0,37,0
ESP008,EMP290,0,38,0
ESP008,EMP290,0,39,0
ESP008,EMP290,0,40,0
ESP008,EMP290,0,41,0
ESP008,EMP290,0,42,0
ESP008,EMP290,0,43,0
ESP008,EMP290,0,44,0
ESP008,EMP290,0,45,0
ESP008,EMP290,0,46,0
ESP008,EMP290,0,47,1
ESP008,EMP290,0,48,1
ESP008,EMP290,0,49,1
ESP008,EMP290,0,50,1
ESP008,EMP290,0,51,0
ESP008,EMP290,1,0,0
ESP008,EMP290,1,1,0
ESP008,EMP290,1,2,0
ESP008,EMP290,1,3,0
ESP008,EMP290,1,4,0
ESP008,EMP290,1,5,0
ESP008,EMP290,1,6,0
ESP008,EMP290,1,7,0
ESP008,EMP290,1,8,0
ESP008,EMP290,1,9,0
ESP008,EMP290,1,10,0
ESP008,EMP290,1,11,0
ESP008,EMP290,1,12,0
ESP008,EMP290,1,13,0
ESP008,EMP290,1,14,0
ESP008,EMP290,1,15,0
ESP008,EMP290,1,16,0
ESP008,EMP290,1,17,0
ESP008,EMP290,1,18,0
ESP008,EMP290,1,19,0
ESP008,EMP290,1,20,0
ESP008,EMP290,1,21,0
ESP008,EMP290,1,22,0
ESP008,EMP290,1,23,1
ESP008,EMP290,1,24,1
ESP008,EMP290,1,25,1
ESP008,EMP290,1,26,0
ESP008,EMP290,1,27,0
ESP008,EMP290,1,28,0
ESP008,EMP290,1,29,0
ESP008,EMP290,1,30,0
ESP008,EMP290,1,31,1
ESP008,EMP290,1,32,1
ESP008,EMP290,1,33,0
ESP008,EMP290,1,34,0
ESP008,EMP290,1,35,0
ESP008,EMP290,1,36,0
ESP008,EMP290,1,37,0
ESP008,EMP290,1,38,0
ESP008,EMP290,1,39,0
ESP008,EMP290,1,40,0
ESP008,EMP290,1,41,0
ESP008,EMP290,1,42,0
ESP008,EMP290,1,43,0
ESP008,EMP290,1,44,0
ESP008,EMP290,1,45,0
ESP008,EMP290,1,46,0
ESP008,EMP290,1,47,0
ESP008,EMP290,1,48,0
ESP008,EMP290,1,49,0
ESP008,EMP290,1,50,0
ESP008,EMP290,1,51,0
